/****************************************************************************
** Resource object code
**
** Created by: The Resource Compiler for Qt version 5.15.8
**
** WARNING! All changes made in this file will be lost!
*****************************************************************************/

static const unsigned char qt_resource_data[] = {
  // /home/etapadmin/Masaüstü/ulakshare/ulakshare-server/icons/sendhome.svg
  0x0,0x0,0x17,0x93,
  0x3c,
  0x3f,0x78,0x6d,0x6c,0x20,0x76,0x65,0x72,0x73,0x69,0x6f,0x6e,0x3d,0x22,0x31,0x2e,
  0x30,0x22,0x20,0x65,0x6e,0x63,0x6f,0x64,0x69,0x6e,0x67,0x3d,0x22,0x55,0x54,0x46,
  0x2d,0x38,0x22,0x20,0x73,0x74,0x61,0x6e,0x64,0x61,0x6c,0x6f,0x6e,0x65,0x3d,0x22,
  0x6e,0x6f,0x22,0x3f,0x3e,0xa,0x3c,0x21,0x2d,0x2d,0x20,0x47,0x65,0x6e,0x65,0x72,
  0x61,0x74,0x6f,0x72,0x3a,0x20,0x41,0x64,0x6f,0x62,0x65,0x20,0x49,0x6c,0x6c,0x75,
  0x73,0x74,0x72,0x61,0x74,0x6f,0x72,0x20,0x31,0x39,0x2e,0x30,0x2e,0x30,0x2c,0x20,
  0x53,0x56,0x47,0x20,0x45,0x78,0x70,0x6f,0x72,0x74,0x20,0x50,0x6c,0x75,0x67,0x2d,
  0x49,0x6e,0x20,0x2e,0x20,0x53,0x56,0x47,0x20,0x56,0x65,0x72,0x73,0x69,0x6f,0x6e,
  0x3a,0x20,0x36,0x2e,0x30,0x30,0x20,0x42,0x75,0x69,0x6c,0x64,0x20,0x30,0x29,0x20,
  0x20,0x2d,0x2d,0x3e,0xa,0xa,0x3c,0x73,0x76,0x67,0xa,0x20,0x20,0x20,0x76,0x65,
  0x72,0x73,0x69,0x6f,0x6e,0x3d,0x22,0x31,0x2e,0x31,0x22,0xa,0x20,0x20,0x20,0x69,
  0x64,0x3d,0x22,0x4c,0x61,0x79,0x65,0x72,0x5f,0x31,0x22,0xa,0x20,0x20,0x20,0x78,
  0x3d,0x22,0x30,0x70,0x78,0x22,0xa,0x20,0x20,0x20,0x79,0x3d,0x22,0x30,0x70,0x78,
  0x22,0xa,0x20,0x20,0x20,0x76,0x69,0x65,0x77,0x42,0x6f,0x78,0x3d,0x22,0x30,0x20,
  0x30,0x20,0x34,0x38,0x39,0x2e,0x37,0x20,0x34,0x38,0x39,0x2e,0x37,0x22,0xa,0x20,
  0x20,0x20,0x73,0x74,0x79,0x6c,0x65,0x3d,0x22,0x65,0x6e,0x61,0x62,0x6c,0x65,0x2d,
  0x62,0x61,0x63,0x6b,0x67,0x72,0x6f,0x75,0x6e,0x64,0x3a,0x6e,0x65,0x77,0x20,0x30,
  0x20,0x30,0x20,0x34,0x38,0x39,0x2e,0x37,0x20,0x34,0x38,0x39,0x2e,0x37,0x3b,0x22,
  0xa,0x20,0x20,0x20,0x78,0x6d,0x6c,0x3a,0x73,0x70,0x61,0x63,0x65,0x3d,0x22,0x70,
  0x72,0x65,0x73,0x65,0x72,0x76,0x65,0x22,0xa,0x20,0x20,0x20,0x73,0x6f,0x64,0x69,
  0x70,0x6f,0x64,0x69,0x3a,0x64,0x6f,0x63,0x6e,0x61,0x6d,0x65,0x3d,0x22,0x73,0x65,
  0x6c,0x65,0x63,0x74,0x63,0x6f,0x70,0x79,0x66,0x69,0x6c,0x65,0x2e,0x73,0x76,0x67,
  0x22,0xa,0x20,0x20,0x20,0x69,0x6e,0x6b,0x73,0x63,0x61,0x70,0x65,0x3a,0x76,0x65,
  0x72,0x73,0x69,0x6f,0x6e,0x3d,0x22,0x31,0x2e,0x32,0x2e,0x32,0x20,0x28,0x62,0x30,
  0x61,0x38,0x34,0x38,0x36,0x35,0x34,0x31,0x2c,0x20,0x32,0x30,0x32,0x32,0x2d,0x31,
  0x32,0x2d,0x30,0x31,0x29,0x22,0xa,0x20,0x20,0x20,0x78,0x6d,0x6c,0x6e,0x73,0x3a,
  0x69,0x6e,0x6b,0x73,0x63,0x61,0x70,0x65,0x3d,0x22,0x68,0x74,0x74,0x70,0x3a,0x2f,
  0x2f,0x77,0x77,0x77,0x2e,0x69,0x6e,0x6b,0x73,0x63,0x61,0x70,0x65,0x2e,0x6f,0x72,
  0x67,0x2f,0x6e,0x61,0x6d,0x65,0x73,0x70,0x61,0x63,0x65,0x73,0x2f,0x69,0x6e,0x6b,
  0x73,0x63,0x61,0x70,0x65,0x22,0xa,0x20,0x20,0x20,0x78,0x6d,0x6c,0x6e,0x73,0x3a,
  0x73,0x6f,0x64,0x69,0x70,0x6f,0x64,0x69,0x3d,0x22,0x68,0x74,0x74,0x70,0x3a,0x2f,
  0x2f,0x73,0x6f,0x64,0x69,0x70,0x6f,0x64,0x69,0x2e,0x73,0x6f,0x75,0x72,0x63,0x65,
  0x66,0x6f,0x72,0x67,0x65,0x2e,0x6e,0x65,0x74,0x2f,0x44,0x54,0x44,0x2f,0x73,0x6f,
  0x64,0x69,0x70,0x6f,0x64,0x69,0x2d,0x30,0x2e,0x64,0x74,0x64,0x22,0xa,0x20,0x20,
  0x20,0x78,0x6d,0x6c,0x6e,0x73,0x3d,0x22,0x68,0x74,0x74,0x70,0x3a,0x2f,0x2f,0x77,
  0x77,0x77,0x2e,0x77,0x33,0x2e,0x6f,0x72,0x67,0x2f,0x32,0x30,0x30,0x30,0x2f,0x73,
  0x76,0x67,0x22,0xa,0x20,0x20,0x20,0x78,0x6d,0x6c,0x6e,0x73,0x3a,0x73,0x76,0x67,
  0x3d,0x22,0x68,0x74,0x74,0x70,0x3a,0x2f,0x2f,0x77,0x77,0x77,0x2e,0x77,0x33,0x2e,
  0x6f,0x72,0x67,0x2f,0x32,0x30,0x30,0x30,0x2f,0x73,0x76,0x67,0x22,0xa,0x20,0x20,
  0x20,0x78,0x6d,0x6c,0x6e,0x73,0x3a,0x72,0x64,0x66,0x3d,0x22,0x68,0x74,0x74,0x70,
  0x3a,0x2f,0x2f,0x77,0x77,0x77,0x2e,0x77,0x33,0x2e,0x6f,0x72,0x67,0x2f,0x31,0x39,
  0x39,0x39,0x2f,0x30,0x32,0x2f,0x32,0x32,0x2d,0x72,0x64,0x66,0x2d,0x73,0x79,0x6e,
  0x74,0x61,0x78,0x2d,0x6e,0x73,0x23,0x22,0xa,0x20,0x20,0x20,0x78,0x6d,0x6c,0x6e,
  0x73,0x3a,0x63,0x63,0x3d,0x22,0x68,0x74,0x74,0x70,0x3a,0x2f,0x2f,0x63,0x72,0x65,
  0x61,0x74,0x69,0x76,0x65,0x63,0x6f,0x6d,0x6d,0x6f,0x6e,0x73,0x2e,0x6f,0x72,0x67,
  0x2f,0x6e,0x73,0x23,0x22,0xa,0x20,0x20,0x20,0x78,0x6d,0x6c,0x6e,0x73,0x3a,0x64,
  0x63,0x3d,0x22,0x68,0x74,0x74,0x70,0x3a,0x2f,0x2f,0x70,0x75,0x72,0x6c,0x2e,0x6f,
  0x72,0x67,0x2f,0x64,0x63,0x2f,0x65,0x6c,0x65,0x6d,0x65,0x6e,0x74,0x73,0x2f,0x31,
  0x2e,0x31,0x2f,0x22,0x3e,0x3c,0x6d,0x65,0x74,0x61,0x64,0x61,0x74,0x61,0xa,0x20,
  0x20,0x20,0x69,0x64,0x3d,0x22,0x6d,0x65,0x74,0x61,0x64,0x61,0x74,0x61,0x35,0x31,
  0x36,0x36,0x22,0x3e,0x3c,0x72,0x64,0x66,0x3a,0x52,0x44,0x46,0x3e,0x3c,0x63,0x63,
  0x3a,0x57,0x6f,0x72,0x6b,0xa,0x20,0x20,0x20,0x20,0x20,0x20,0x20,0x72,0x64,0x66,
  0x3a,0x61,0x62,0x6f,0x75,0x74,0x3d,0x22,0x22,0x3e,0x3c,0x64,0x63,0x3a,0x66,0x6f,
  0x72,0x6d,0x61,0x74,0x3e,0x69,0x6d,0x61,0x67,0x65,0x2f,0x73,0x76,0x67,0x2b,0x78,
  0x6d,0x6c,0x3c,0x2f,0x64,0x63,0x3a,0x66,0x6f,0x72,0x6d,0x61,0x74,0x3e,0x3c,0x64,
  0x63,0x3a,0x74,0x79,0x70,0x65,0xa,0x20,0x20,0x20,0x20,0x20,0x20,0x20,0x20,0x20,
  0x72,0x64,0x66,0x3a,0x72,0x65,0x73,0x6f,0x75,0x72,0x63,0x65,0x3d,0x22,0x68,0x74,
  0x74,0x70,0x3a,0x2f,0x2f,0x70,0x75,0x72,0x6c,0x2e,0x6f,0x72,0x67,0x2f,0x64,0x63,
  0x2f,0x64,0x63,0x6d,0x69,0x74,0x79,0x70,0x65,0x2f,0x53,0x74,0x69,0x6c,0x6c,0x49,
  0x6d,0x61,0x67,0x65,0x22,0x20,0x2f,0x3e,0x3c,0x64,0x63,0x3a,0x74,0x69,0x74,0x6c,
  0x65,0x20,0x2f,0x3e,0x3c,0x2f,0x63,0x63,0x3a,0x57,0x6f,0x72,0x6b,0x3e,0x3c,0x2f,
  0x72,0x64,0x66,0x3a,0x52,0x44,0x46,0x3e,0x3c,0x2f,0x6d,0x65,0x74,0x61,0x64,0x61,
  0x74,0x61,0x3e,0x3c,0x64,0x65,0x66,0x73,0xa,0x20,0x20,0x20,0x69,0x64,0x3d,0x22,
  0x64,0x65,0x66,0x73,0x35,0x31,0x36,0x34,0x22,0x20,0x2f,0x3e,0x3c,0x73,0x6f,0x64,
  0x69,0x70,0x6f,0x64,0x69,0x3a,0x6e,0x61,0x6d,0x65,0x64,0x76,0x69,0x65,0x77,0xa,
  0x20,0x20,0x20,0x70,0x61,0x67,0x65,0x63,0x6f,0x6c,0x6f,0x72,0x3d,0x22,0x23,0x66,
  0x66,0x66,0x66,0x66,0x66,0x22,0xa,0x20,0x20,0x20,0x62,0x6f,0x72,0x64,0x65,0x72,
  0x63,0x6f,0x6c,0x6f,0x72,0x3d,0x22,0x23,0x36,0x36,0x36,0x36,0x36,0x36,0x22,0xa,
  0x20,0x20,0x20,0x62,0x6f,0x72,0x64,0x65,0x72,0x6f,0x70,0x61,0x63,0x69,0x74,0x79,
  0x3d,0x22,0x31,0x22,0xa,0x20,0x20,0x20,0x6f,0x62,0x6a,0x65,0x63,0x74,0x74,0x6f,
  0x6c,0x65,0x72,0x61,0x6e,0x63,0x65,0x3d,0x22,0x31,0x30,0x22,0xa,0x20,0x20,0x20,
  0x67,0x72,0x69,0x64,0x74,0x6f,0x6c,0x65,0x72,0x61,0x6e,0x63,0x65,0x3d,0x22,0x31,
  0x30,0x22,0xa,0x20,0x20,0x20,0x67,0x75,0x69,0x64,0x65,0x74,0x6f,0x6c,0x65,0x72,
  0x61,0x6e,0x63,0x65,0x3d,0x22,0x31,0x30,0x22,0xa,0x20,0x20,0x20,0x69,0x6e,0x6b,
  0x73,0x63,0x61,0x70,0x65,0x3a,0x70,0x61,0x67,0x65,0x6f,0x70,0x61,0x63,0x69,0x74,
  0x79,0x3d,0x22,0x30,0x22,0xa,0x20,0x20,0x20,0x69,0x6e,0x6b,0x73,0x63,0x61,0x70,
  0x65,0x3a,0x70,0x61,0x67,0x65,0x73,0x68,0x61,0x64,0x6f,0x77,0x3d,0x22,0x32,0x22,
  0xa,0x20,0x20,0x20,0x69,0x6e,0x6b,0x73,0x63,0x61,0x70,0x65,0x3a,0x77,0x69,0x6e,
  0x64,0x6f,0x77,0x2d,0x77,0x69,0x64,0x74,0x68,0x3d,0x22,0x31,0x33,0x36,0x36,0x22,
  0xa,0x20,0x20,0x20,0x69,0x6e,0x6b,0x73,0x63,0x61,0x70,0x65,0x3a,0x77,0x69,0x6e,
  0x64,0x6f,0x77,0x2d,0x68,0x65,0x69,0x67,0x68,0x74,0x3d,0x22,0x36,0x36,0x37,0x22,
  0xa,0x20,0x20,0x20,0x69,0x64,0x3d,0x22,0x6e,0x61,0x6d,0x65,0x64,0x76,0x69,0x65,
  0x77,0x35,0x31,0x36,0x32,0x22,0xa,0x20,0x20,0x20,0x73,0x68,0x6f,0x77,0x67,0x72,
  0x69,0x64,0x3d,0x22,0x66,0x61,0x6c,0x73,0x65,0x22,0xa,0x20,0x20,0x20,0x69,0x6e,
  0x6b,0x73,0x63,0x61,0x70,0x65,0x3a,0x7a,0x6f,0x6f,0x6d,0x3d,0x22,0x30,0x2e,0x34,
  0x38,0x31,0x39,0x32,0x37,0x37,0x22,0xa,0x20,0x20,0x20,0x69,0x6e,0x6b,0x73,0x63,
  0x61,0x70,0x65,0x3a,0x63,0x78,0x3d,0x22,0x31,0x36,0x33,0x2e,0x39,0x32,0x35,0x22,
  0xa,0x20,0x20,0x20,0x69,0x6e,0x6b,0x73,0x63,0x61,0x70,0x65,0x3a,0x63,0x79,0x3d,
  0x22,0x32,0x34,0x36,0x2e,0x39,0x32,0x35,0x30,0x31,0x22,0xa,0x20,0x20,0x20,0x69,
  0x6e,0x6b,0x73,0x63,0x61,0x70,0x65,0x3a,0x77,0x69,0x6e,0x64,0x6f,0x77,0x2d,0x78,
  0x3d,0x22,0x30,0x22,0xa,0x20,0x20,0x20,0x69,0x6e,0x6b,0x73,0x63,0x61,0x70,0x65,
  0x3a,0x77,0x69,0x6e,0x64,0x6f,0x77,0x2d,0x79,0x3d,0x22,0x30,0x22,0xa,0x20,0x20,
  0x20,0x69,0x6e,0x6b,0x73,0x63,0x61,0x70,0x65,0x3a,0x77,0x69,0x6e,0x64,0x6f,0x77,
  0x2d,0x6d,0x61,0x78,0x69,0x6d,0x69,0x7a,0x65,0x64,0x3d,0x22,0x31,0x22,0xa,0x20,
  0x20,0x20,0x69,0x6e,0x6b,0x73,0x63,0x61,0x70,0x65,0x3a,0x63,0x75,0x72,0x72,0x65,
  0x6e,0x74,0x2d,0x6c,0x61,0x79,0x65,0x72,0x3d,0x22,0x67,0x35,0x31,0x32,0x39,0x22,
  0xa,0x20,0x20,0x20,0x69,0x6e,0x6b,0x73,0x63,0x61,0x70,0x65,0x3a,0x73,0x68,0x6f,
  0x77,0x70,0x61,0x67,0x65,0x73,0x68,0x61,0x64,0x6f,0x77,0x3d,0x22,0x32,0x22,0xa,
  0x20,0x20,0x20,0x69,0x6e,0x6b,0x73,0x63,0x61,0x70,0x65,0x3a,0x70,0x61,0x67,0x65,
  0x63,0x68,0x65,0x63,0x6b,0x65,0x72,0x62,0x6f,0x61,0x72,0x64,0x3d,0x22,0x30,0x22,
  0xa,0x20,0x20,0x20,0x69,0x6e,0x6b,0x73,0x63,0x61,0x70,0x65,0x3a,0x64,0x65,0x73,
  0x6b,0x63,0x6f,0x6c,0x6f,0x72,0x3d,0x22,0x23,0x64,0x31,0x64,0x31,0x64,0x31,0x22,
  0x20,0x2f,0x3e,0xa,0x3c,0x67,0xa,0x20,0x20,0x20,0x69,0x64,0x3d,0x22,0x67,0x35,
  0x31,0x32,0x39,0x22,0x3e,0xa,0x9,0xa,0x3c,0x67,0xa,0x20,0x20,0x20,0x69,0x64,
  0x3d,0x22,0x67,0x37,0x36,0x35,0x22,0xa,0x20,0x20,0x20,0x74,0x72,0x61,0x6e,0x73,
  0x66,0x6f,0x72,0x6d,0x3d,0x22,0x6d,0x61,0x74,0x72,0x69,0x78,0x28,0x30,0x2e,0x39,
  0x30,0x36,0x37,0x37,0x39,0x36,0x37,0x2c,0x30,0x2c,0x30,0x2c,0x30,0x2e,0x38,0x35,
  0x32,0x32,0x32,0x32,0x34,0x39,0x2c,0x32,0x32,0x2e,0x38,0x32,0x35,0x30,0x30,0x34,
  0x2c,0x2d,0x31,0x32,0x2e,0x38,0x38,0x35,0x38,0x31,0x37,0x29,0x22,0x3e,0x3c,0x67,
  0xa,0x20,0x20,0x20,0x20,0x20,0x69,0x64,0x3d,0x22,0x67,0x35,0x31,0x32,0x37,0x22,
  0xa,0x20,0x20,0x20,0x20,0x20,0x74,0x72,0x61,0x6e,0x73,0x66,0x6f,0x72,0x6d,0x3d,
  0x22,0x74,0x72,0x61,0x6e,0x73,0x6c,0x61,0x74,0x65,0x28,0x34,0x2e,0x38,0x32,0x37,
  0x35,0x32,0x38,0x36,0x65,0x2d,0x38,0x2c,0x2d,0x32,0x2e,0x30,0x37,0x35,0x30,0x30,
  0x30,0x31,0x29,0x22,0x3e,0xa,0x9,0x9,0x3c,0x70,0x61,0x74,0x68,0xa,0x20,0x20,
  0x20,0x69,0x64,0x3d,0x22,0x58,0x4d,0x4c,0x49,0x44,0x5f,0x31,0x32,0x38,0x34,0x5f,
  0x22,0xa,0x20,0x20,0x20,0x73,0x74,0x79,0x6c,0x65,0x3d,0x22,0x66,0x69,0x6c,0x6c,
  0x3a,0x23,0x30,0x30,0x66,0x66,0x30,0x30,0x22,0xa,0x20,0x20,0x20,0x64,0x3d,0x22,
  0x6d,0x20,0x31,0x37,0x2e,0x31,0x2c,0x33,0x35,0x37,0x2e,0x34,0x35,0x20,0x68,0x20,
  0x31,0x30,0x37,0x2e,0x37,0x20,0x63,0x20,0x34,0x2e,0x34,0x2c,0x30,0x20,0x38,0x2e,
  0x31,0x2c,0x33,0x2e,0x36,0x20,0x38,0x2e,0x31,0x2c,0x38,0x2e,0x31,0x20,0x76,0x20,
  0x36,0x35,0x2e,0x38,0x20,0x63,0x20,0x30,0x2c,0x34,0x2e,0x34,0x20,0x2d,0x33,0x2e,
  0x36,0x2c,0x38,0x2e,0x31,0x20,0x2d,0x38,0x2e,0x31,0x2c,0x38,0x2e,0x31,0x20,0x48,
  0x20,0x31,0x37,0x2e,0x31,0x20,0x63,0x20,0x2d,0x34,0x2e,0x34,0x2c,0x30,0x20,0x2d,
  0x38,0x2e,0x31,0x2c,0x2d,0x33,0x2e,0x36,0x20,0x2d,0x38,0x2e,0x31,0x2c,0x2d,0x38,
  0x2e,0x31,0x20,0x76,0x20,0x2d,0x36,0x35,0x2e,0x38,0x20,0x63,0x20,0x30,0x2c,0x2d,
  0x34,0x2e,0x35,0x20,0x33,0x2e,0x37,0x2c,0x2d,0x38,0x2e,0x31,0x20,0x38,0x2e,0x31,
  0x2c,0x2d,0x38,0x2e,0x31,0x20,0x7a,0x22,0xa,0x20,0x20,0x20,0x69,0x6e,0x6b,0x73,
  0x63,0x61,0x70,0x65,0x3a,0x63,0x6f,0x6e,0x6e,0x65,0x63,0x74,0x6f,0x72,0x2d,0x63,
  0x75,0x72,0x76,0x61,0x74,0x75,0x72,0x65,0x3d,0x22,0x30,0x22,0x20,0x2f,0x3e,0xa,
  0x9,0x9,0x3c,0x70,0x61,0x74,0x68,0xa,0x20,0x20,0x20,0x69,0x64,0x3d,0x22,0x58,
  0x4d,0x4c,0x49,0x44,0x5f,0x31,0x32,0x38,0x32,0x5f,0x22,0xa,0x20,0x20,0x20,0x73,
  0x74,0x79,0x6c,0x65,0x3d,0x22,0x66,0x69,0x6c,0x6c,0x3a,0x23,0x66,0x66,0x66,0x66,
  0x66,0x66,0x22,0xa,0x20,0x20,0x20,0x64,0x3d,0x22,0x6d,0x20,0x31,0x39,0x32,0x2e,
  0x37,0x37,0x35,0x2c,0x33,0x34,0x39,0x2e,0x31,0x35,0x20,0x68,0x20,0x31,0x30,0x37,
  0x2e,0x37,0x20,0x63,0x20,0x34,0x2e,0x34,0x2c,0x30,0x20,0x38,0x2e,0x31,0x2c,0x33,
  0x2e,0x36,0x20,0x38,0x2e,0x31,0x2c,0x38,0x2e,0x31,0x20,0x76,0x20,0x36,0x35,0x2e,
  0x38,0x20,0x63,0x20,0x30,0x2c,0x34,0x2e,0x34,0x20,0x2d,0x33,0x2e,0x36,0x2c,0x38,
  0x2e,0x31,0x20,0x2d,0x38,0x2e,0x31,0x2c,0x38,0x2e,0x31,0x20,0x68,0x20,0x2d,0x31,
  0x30,0x37,0x2e,0x37,0x20,0x63,0x20,0x2d,0x34,0x2e,0x34,0x2c,0x30,0x20,0x2d,0x38,
  0x2e,0x31,0x2c,0x2d,0x33,0x2e,0x36,0x20,0x2d,0x38,0x2e,0x31,0x2c,0x2d,0x38,0x2e,
  0x31,0x20,0x76,0x20,0x2d,0x36,0x35,0x2e,0x38,0x20,0x63,0x20,0x30,0x2e,0x31,0x2c,
  0x2d,0x34,0x2e,0x35,0x20,0x33,0x2e,0x37,0x2c,0x2d,0x38,0x2e,0x31,0x20,0x38,0x2e,
  0x31,0x2c,0x2d,0x38,0x2e,0x31,0x20,0x7a,0x22,0xa,0x20,0x20,0x20,0x69,0x6e,0x6b,
  0x73,0x63,0x61,0x70,0x65,0x3a,0x63,0x6f,0x6e,0x6e,0x65,0x63,0x74,0x6f,0x72,0x2d,
  0x63,0x75,0x72,0x76,0x61,0x74,0x75,0x72,0x65,0x3d,0x22,0x30,0x22,0x20,0x2f,0x3e,
  0xa,0x9,0x9,0x3c,0x70,0x61,0x74,0x68,0xa,0x20,0x20,0x20,0x64,0x3d,0x22,0x6d,
  0x20,0x31,0x31,0x36,0x2e,0x36,0x2c,0x34,0x34,0x38,0x2e,0x34,0x35,0x20,0x63,0x20,
  0x31,0x34,0x2c,0x30,0x20,0x32,0x35,0x2e,0x33,0x2c,0x2d,0x31,0x31,0x2e,0x34,0x20,
  0x32,0x35,0x2e,0x33,0x2c,0x2d,0x32,0x35,0x2e,0x33,0x20,0x76,0x20,0x2d,0x34,0x39,
  0x2e,0x34,0x20,0x63,0x20,0x30,0x2c,0x2d,0x31,0x34,0x20,0x2d,0x31,0x31,0x2e,0x34,
  0x2c,0x2d,0x32,0x35,0x2e,0x33,0x20,0x2d,0x32,0x35,0x2e,0x33,0x2c,0x2d,0x32,0x35,
  0x2e,0x33,0x20,0x48,0x20,0x38,0x30,0x20,0x76,0x20,0x2d,0x36,0x37,0x2e,0x38,0x20,
  0x68,0x20,0x31,0x35,0x35,0x2e,0x38,0x20,0x76,0x20,0x36,0x37,0x2e,0x38,0x20,0x68,
  0x20,0x2d,0x33,0x36,0x2e,0x36,0x20,0x63,0x20,0x2d,0x31,0x34,0x2c,0x30,0x20,0x2d,
  0x32,0x35,0x2e,0x33,0x2c,0x31,0x31,0x2e,0x34,0x20,0x2d,0x32,0x35,0x2e,0x33,0x2c,
  0x32,0x35,0x2e,0x33,0x20,0x76,0x20,0x34,0x39,0x2e,0x34,0x20,0x63,0x20,0x30,0x2c,
  0x31,0x34,0x20,0x31,0x31,0x2e,0x34,0x2c,0x32,0x35,0x2e,0x33,0x20,0x32,0x35,0x2e,
  0x33,0x2c,0x32,0x35,0x2e,0x33,0x20,0x68,0x20,0x39,0x31,0x2e,0x33,0x20,0x63,0x20,
  0x31,0x34,0x2c,0x30,0x20,0x32,0x35,0x2e,0x33,0x2c,0x2d,0x31,0x31,0x2e,0x34,0x20,
  0x32,0x35,0x2e,0x33,0x2c,0x2d,0x32,0x35,0x2e,0x33,0x20,0x76,0x20,0x2d,0x34,0x39,
  0x2e,0x34,0x20,0x63,0x20,0x30,0x2c,0x2d,0x31,0x34,0x20,0x2d,0x31,0x31,0x2e,0x34,
  0x2c,0x2d,0x32,0x35,0x2e,0x33,0x20,0x2d,0x32,0x35,0x2e,0x33,0x2c,0x2d,0x32,0x35,
  0x2e,0x33,0x20,0x68,0x20,0x2d,0x33,0x36,0x2e,0x36,0x20,0x76,0x20,0x2d,0x36,0x37,
  0x2e,0x38,0x20,0x68,0x20,0x31,0x35,0x35,0x2e,0x38,0x20,0x76,0x20,0x36,0x37,0x2e,
  0x38,0x20,0x68,0x20,0x2d,0x33,0x36,0x2e,0x36,0x20,0x63,0x20,0x2d,0x31,0x34,0x2c,
  0x30,0x20,0x2d,0x32,0x35,0x2e,0x33,0x2c,0x31,0x31,0x2e,0x34,0x20,0x2d,0x32,0x35,
  0x2e,0x33,0x2c,0x32,0x35,0x2e,0x33,0x20,0x76,0x20,0x34,0x39,0x2e,0x34,0x20,0x63,
  0x20,0x30,0x2c,0x31,0x34,0x20,0x31,0x31,0x2e,0x34,0x2c,0x32,0x35,0x2e,0x33,0x20,
  0x32,0x35,0x2e,0x33,0x2c,0x32,0x35,0x2e,0x33,0x20,0x68,0x20,0x39,0x31,0x2e,0x33,
  0x20,0x63,0x20,0x31,0x34,0x2c,0x30,0x20,0x32,0x35,0x2e,0x33,0x2c,0x2d,0x31,0x31,
  0x2e,0x34,0x20,0x32,0x35,0x2e,0x33,0x2c,0x2d,0x32,0x35,0x2e,0x33,0x20,0x76,0x20,
  0x2d,0x34,0x39,0x2e,0x34,0x20,0x63,0x20,0x30,0x2c,0x2d,0x31,0x34,0x20,0x2d,0x31,
  0x31,0x2e,0x34,0x2c,0x2d,0x32,0x35,0x2e,0x33,0x20,0x2d,0x32,0x35,0x2e,0x33,0x2c,
  0x2d,0x32,0x35,0x2e,0x33,0x20,0x68,0x20,0x2d,0x33,0x36,0x2e,0x35,0x20,0x76,0x20,
  0x2d,0x37,0x36,0x2e,0x38,0x20,0x63,0x20,0x30,0x2c,0x2d,0x35,0x20,0x2d,0x34,0x2e,
  0x31,0x2c,0x2d,0x39,0x2e,0x31,0x20,0x2d,0x39,0x2e,0x31,0x2c,0x2d,0x39,0x2e,0x31,
  0x20,0x48,0x20,0x32,0x35,0x34,0x20,0x76,0x20,0x2d,0x34,0x37,0x2e,0x33,0x20,0x68,
  0x20,0x37,0x34,0x20,0x63,0x20,0x31,0x38,0x2e,0x33,0x2c,0x30,0x20,0x33,0x33,0x2e,
  0x32,0x2c,0x2d,0x31,0x34,0x2e,0x39,0x20,0x33,0x33,0x2e,0x32,0x2c,0x2d,0x33,0x33,
  0x2e,0x32,0x20,0x56,0x20,0x37,0x34,0x2e,0x34,0x35,0x20,0x63,0x20,0x30,0x2c,0x2d,
  0x31,0x38,0x2e,0x33,0x20,0x2d,0x31,0x34,0x2e,0x39,0x2c,0x2d,0x33,0x33,0x2e,0x32,
  0x20,0x2d,0x33,0x33,0x2e,0x32,0x2c,0x2d,0x33,0x33,0x2e,0x32,0x20,0x48,0x20,0x31,
  0x36,0x31,0x2e,0x38,0x20,0x63,0x20,0x2d,0x31,0x38,0x2e,0x33,0x2c,0x30,0x20,0x2d,
  0x33,0x33,0x2e,0x32,0x2c,0x31,0x34,0x2e,0x39,0x20,0x2d,0x33,0x33,0x2e,0x32,0x2c,
  0x33,0x33,0x2e,0x32,0x20,0x76,0x20,0x31,0x30,0x37,0x2e,0x35,0x20,0x63,0x20,0x30,
  0x2c,0x31,0x38,0x2e,0x33,0x20,0x31,0x34,0x2e,0x39,0x2c,0x33,0x33,0x2e,0x32,0x20,
  0x33,0x33,0x2e,0x32,0x2c,0x33,0x33,0x2e,0x32,0x20,0x68,0x20,0x37,0x34,0x20,0x76,
  0x20,0x34,0x37,0x2e,0x33,0x20,0x48,0x20,0x37,0x30,0x2e,0x39,0x20,0x63,0x20,0x2d,
  0x35,0x2c,0x30,0x20,0x2d,0x39,0x2e,0x31,0x2c,0x34,0x2e,0x31,0x20,0x2d,0x39,0x2e,
  0x31,0x2c,0x39,0x2e,0x31,0x20,0x76,0x20,0x37,0x36,0x2e,0x38,0x20,0x48,0x20,0x32,
  0x35,0x2e,0x33,0x20,0x63,0x20,0x2d,0x31,0x34,0x2c,0x30,0x20,0x2d,0x32,0x35,0x2e,
  0x33,0x2c,0x31,0x31,0x2e,0x34,0x20,0x2d,0x32,0x35,0x2e,0x33,0x2c,0x32,0x35,0x2e,
  0x33,0x20,0x76,0x20,0x34,0x39,0x2e,0x34,0x20,0x63,0x20,0x30,0x2c,0x31,0x34,0x20,
  0x31,0x31,0x2e,0x34,0x2c,0x32,0x35,0x2e,0x33,0x20,0x32,0x35,0x2e,0x33,0x2c,0x32,
  0x35,0x2e,0x33,0x20,0x68,0x20,0x39,0x31,0x2e,0x33,0x20,0x63,0x20,0x30,0x2c,0x30,
  0x20,0x30,0x2c,0x30,0x2e,0x31,0x20,0x30,0x2c,0x30,0x2e,0x31,0x20,0x7a,0x20,0x6d,
  0x20,0x31,0x38,0x31,0x2e,0x31,0x2c,0x2d,0x37,0x34,0x2e,0x37,0x20,0x76,0x20,0x34,
  0x39,0x2e,0x34,0x20,0x63,0x20,0x30,0x2c,0x34,0x20,0x2d,0x33,0x2e,0x32,0x2c,0x37,
  0x2e,0x32,0x20,0x2d,0x37,0x2e,0x32,0x2c,0x37,0x2e,0x32,0x20,0x68,0x20,0x2d,0x39,
  0x31,0x2e,0x33,0x20,0x63,0x20,0x2d,0x34,0x2c,0x30,0x20,0x2d,0x37,0x2e,0x32,0x2c,
  0x2d,0x33,0x2e,0x32,0x20,0x2d,0x37,0x2e,0x32,0x2c,0x2d,0x37,0x2e,0x32,0x20,0x76,
  0x20,0x2d,0x34,0x39,0x2e,0x34,0x20,0x63,0x20,0x30,0x2c,0x2d,0x34,0x20,0x33,0x2e,
  0x32,0x2c,0x2d,0x37,0x2e,0x32,0x20,0x37,0x2e,0x32,0x2c,0x2d,0x37,0x2e,0x32,0x20,
  0x68,0x20,0x39,0x31,0x2e,0x33,0x20,0x63,0x20,0x34,0x2c,0x2d,0x30,0x2e,0x31,0x20,
  0x37,0x2e,0x32,0x2c,0x33,0x2e,0x32,0x20,0x37,0x2e,0x32,0x2c,0x37,0x2e,0x32,0x20,
  0x7a,0x20,0x6d,0x20,0x31,0x37,0x34,0x2c,0x30,0x20,0x76,0x20,0x34,0x39,0x2e,0x34,
  0x20,0x63,0x20,0x30,0x2c,0x34,0x20,0x2d,0x33,0x2e,0x32,0x2c,0x37,0x2e,0x32,0x20,
  0x2d,0x37,0x2e,0x32,0x2c,0x37,0x2e,0x32,0x20,0x68,0x20,0x2d,0x39,0x31,0x2e,0x33,
  0x20,0x63,0x20,0x2d,0x34,0x2c,0x30,0x20,0x2d,0x37,0x2e,0x32,0x2c,0x2d,0x33,0x2e,
  0x32,0x20,0x2d,0x37,0x2e,0x32,0x2c,0x2d,0x37,0x2e,0x32,0x20,0x76,0x20,0x2d,0x34,
  0x39,0x2e,0x34,0x20,0x63,0x20,0x30,0x2c,0x2d,0x34,0x20,0x33,0x2e,0x32,0x2c,0x2d,
  0x37,0x2e,0x32,0x20,0x37,0x2e,0x32,0x2c,0x2d,0x37,0x2e,0x32,0x20,0x68,0x20,0x39,
  0x31,0x2e,0x33,0x20,0x63,0x20,0x34,0x2c,0x2d,0x30,0x2e,0x31,0x20,0x37,0x2e,0x32,
  0x2c,0x33,0x2e,0x32,0x20,0x37,0x2e,0x32,0x2c,0x37,0x2e,0x32,0x20,0x7a,0x20,0x6d,
  0x20,0x2d,0x33,0x32,0x35,0x2c,0x2d,0x31,0x39,0x31,0x2e,0x38,0x20,0x56,0x20,0x37,
  0x34,0x2e,0x34,0x35,0x20,0x63,0x20,0x30,0x2c,0x2d,0x38,0x2e,0x33,0x20,0x36,0x2e,
  0x38,0x2c,0x2d,0x31,0x35,0x2e,0x31,0x20,0x31,0x35,0x2e,0x31,0x2c,0x2d,0x31,0x35,
  0x2e,0x31,0x20,0x48,0x20,0x33,0x32,0x38,0x20,0x63,0x20,0x38,0x2e,0x33,0x2c,0x30,
  0x20,0x31,0x35,0x2e,0x31,0x2c,0x36,0x2e,0x38,0x20,0x31,0x35,0x2e,0x31,0x2c,0x31,
  0x35,0x2e,0x31,0x20,0x76,0x20,0x31,0x30,0x37,0x2e,0x35,0x20,0x63,0x20,0x30,0x2c,
  0x38,0x2e,0x33,0x20,0x2d,0x36,0x2e,0x38,0x2c,0x31,0x35,0x2e,0x31,0x20,0x2d,0x31,
  0x35,0x2e,0x31,0x2c,0x31,0x35,0x2e,0x31,0x20,0x48,0x20,0x31,0x36,0x31,0x2e,0x38,
  0x20,0x63,0x20,0x2d,0x38,0x2e,0x33,0x2c,0x30,0x20,0x2d,0x31,0x35,0x2e,0x31,0x2c,
  0x2d,0x36,0x2e,0x38,0x20,0x2d,0x31,0x35,0x2e,0x31,0x2c,0x2d,0x31,0x35,0x2e,0x31,
  0x20,0x7a,0x20,0x4d,0x20,0x31,0x38,0x2e,0x31,0x2c,0x34,0x32,0x33,0x2e,0x31,0x35,
  0x20,0x76,0x20,0x2d,0x34,0x39,0x2e,0x34,0x20,0x63,0x20,0x30,0x2c,0x2d,0x34,0x20,
  0x33,0x2e,0x32,0x2c,0x2d,0x37,0x2e,0x32,0x20,0x37,0x2e,0x32,0x2c,0x2d,0x37,0x2e,
  0x32,0x20,0x68,0x20,0x39,0x31,0x2e,0x33,0x20,0x63,0x20,0x34,0x2c,0x30,0x20,0x37,
  0x2e,0x32,0x2c,0x33,0x2e,0x32,0x20,0x37,0x2e,0x32,0x2c,0x37,0x2e,0x32,0x20,0x76,
  0x20,0x34,0x39,0x2e,0x34,0x20,0x63,0x20,0x30,0x2c,0x34,0x20,0x2d,0x33,0x2e,0x32,
  0x2c,0x37,0x2e,0x32,0x20,0x2d,0x37,0x2e,0x32,0x2c,0x37,0x2e,0x32,0x20,0x48,0x20,
  0x32,0x35,0x2e,0x33,0x20,0x63,0x20,0x2d,0x34,0x2c,0x30,0x20,0x2d,0x37,0x2e,0x32,
  0x2c,0x2d,0x33,0x2e,0x32,0x20,0x2d,0x37,0x2e,0x32,0x2c,0x2d,0x37,0x2e,0x32,0x20,
  0x7a,0x22,0xa,0x20,0x20,0x20,0x69,0x64,0x3d,0x22,0x70,0x61,0x74,0x68,0x35,0x31,
  0x32,0x35,0x22,0xa,0x20,0x20,0x20,0x69,0x6e,0x6b,0x73,0x63,0x61,0x70,0x65,0x3a,
  0x63,0x6f,0x6e,0x6e,0x65,0x63,0x74,0x6f,0x72,0x2d,0x63,0x75,0x72,0x76,0x61,0x74,
  0x75,0x72,0x65,0x3d,0x22,0x30,0x22,0x20,0x2f,0x3e,0xa,0x9,0x3c,0x2f,0x67,0x3e,
  0x3c,0x70,0x61,0x74,0x68,0xa,0x20,0x20,0x20,0x20,0x20,0x69,0x64,0x3d,0x22,0x58,
  0x4d,0x4c,0x49,0x44,0x5f,0x31,0x32,0x38,0x32,0x5f,0x2d,0x30,0x22,0xa,0x20,0x20,
  0x20,0x20,0x20,0x73,0x74,0x79,0x6c,0x65,0x3d,0x22,0x66,0x69,0x6c,0x6c,0x3a,0x23,
  0x30,0x30,0x66,0x66,0x30,0x30,0x3b,0x73,0x74,0x72,0x6f,0x6b,0x65,0x2d,0x77,0x69,
  0x64,0x74,0x68,0x3a,0x30,0x2e,0x38,0x30,0x39,0x38,0x35,0x22,0xa,0x20,0x20,0x20,
  0x20,0x20,0x64,0x3d,0x22,0x6d,0x20,0x33,0x37,0x32,0x2e,0x37,0x32,0x39,0x31,0x31,
  0x2c,0x33,0x36,0x35,0x2e,0x30,0x35,0x30,0x30,0x31,0x20,0x68,0x20,0x39,0x31,0x2e,
  0x34,0x36,0x36,0x37,0x38,0x20,0x63,0x20,0x33,0x2e,0x37,0x33,0x36,0x38,0x2c,0x30,
  0x20,0x36,0x2e,0x38,0x37,0x39,0x31,0x31,0x2c,0x32,0x2e,0x37,0x38,0x30,0x31,0x32,
  0x20,0x36,0x2e,0x38,0x37,0x39,0x31,0x31,0x2c,0x36,0x2e,0x32,0x35,0x35,0x32,0x37,
  0x20,0x76,0x20,0x35,0x30,0x2e,0x38,0x31,0x34,0x34,0x36,0x20,0x63,0x20,0x30,0x2c,
  0x33,0x2e,0x33,0x39,0x37,0x39,0x32,0x20,0x2d,0x33,0x2e,0x30,0x35,0x37,0x33,0x39,
  0x2c,0x36,0x2e,0x32,0x35,0x35,0x32,0x37,0x20,0x2d,0x36,0x2e,0x38,0x37,0x39,0x31,
  0x31,0x2c,0x36,0x2e,0x32,0x35,0x35,0x32,0x37,0x20,0x68,0x20,0x2d,0x39,0x31,0x2e,
  0x34,0x36,0x36,0x37,0x38,0x20,0x63,0x20,0x2d,0x33,0x2e,0x37,0x33,0x36,0x38,0x2c,
  0x30,0x20,0x2d,0x36,0x2e,0x38,0x37,0x39,0x31,0x31,0x2c,0x2d,0x32,0x2e,0x37,0x38,
  0x30,0x31,0x32,0x20,0x2d,0x36,0x2e,0x38,0x37,0x39,0x31,0x31,0x2c,0x2d,0x36,0x2e,
  0x32,0x35,0x35,0x32,0x37,0x20,0x76,0x20,0x2d,0x35,0x30,0x2e,0x38,0x31,0x34,0x34,
  0x36,0x20,0x63,0x20,0x30,0x2e,0x30,0x38,0x34,0x39,0x2c,0x2d,0x33,0x2e,0x34,0x37,
  0x35,0x31,0x35,0x20,0x33,0x2e,0x31,0x34,0x32,0x33,0x31,0x2c,0x2d,0x36,0x2e,0x32,
  0x35,0x35,0x32,0x37,0x20,0x36,0x2e,0x38,0x37,0x39,0x31,0x31,0x2c,0x2d,0x36,0x2e,
  0x32,0x35,0x35,0x32,0x37,0x20,0x7a,0x22,0xa,0x20,0x20,0x20,0x20,0x20,0x69,0x6e,
  0x6b,0x73,0x63,0x61,0x70,0x65,0x3a,0x63,0x6f,0x6e,0x6e,0x65,0x63,0x74,0x6f,0x72,
  0x2d,0x63,0x75,0x72,0x76,0x61,0x74,0x75,0x72,0x65,0x3d,0x22,0x30,0x22,0x20,0x2f,
  0x3e,0x3c,0x67,0xa,0x20,0x20,0x20,0x20,0x20,0x74,0x72,0x61,0x6e,0x73,0x66,0x6f,
  0x72,0x6d,0x3d,0x22,0x6d,0x61,0x74,0x72,0x69,0x78,0x28,0x32,0x2e,0x32,0x33,0x37,
  0x30,0x31,0x39,0x33,0x2c,0x30,0x2c,0x30,0x2c,0x32,0x2e,0x30,0x33,0x37,0x35,0x2c,
  0x31,0x38,0x39,0x2e,0x31,0x32,0x31,0x36,0x34,0x2c,0x36,0x37,0x2e,0x33,0x33,0x38,
  0x38,0x38,0x39,0x29,0x22,0xa,0x20,0x20,0x20,0x20,0x20,0x69,0x64,0x3d,0x22,0x67,
  0x36,0x22,0x3e,0x3c,0x70,0x61,0x74,0x68,0xa,0x20,0x20,0x20,0x20,0x20,0x20,0x20,
  0x69,0x6e,0x6b,0x73,0x63,0x61,0x70,0x65,0x3a,0x63,0x6f,0x6e,0x6e,0x65,0x63,0x74,
  0x6f,0x72,0x2d,0x63,0x75,0x72,0x76,0x61,0x74,0x75,0x72,0x65,0x3d,0x22,0x30,0x22,
  0xa,0x20,0x20,0x20,0x20,0x20,0x20,0x20,0x64,0x3d,0x22,0x4d,0x20,0x31,0x38,0x2e,
  0x38,0x38,0x2c,0x30,0x2e,0x32,0x38,0x39,0x20,0x43,0x20,0x31,0x38,0x2e,0x36,0x39,
  0x32,0x2c,0x30,0x2e,0x31,0x30,0x34,0x20,0x31,0x38,0x2e,0x34,0x34,0x2c,0x30,0x20,
  0x31,0x38,0x2e,0x31,0x37,0x37,0x2c,0x30,0x20,0x48,0x20,0x32,0x20,0x43,0x20,0x31,
  0x2e,0x34,0x34,0x37,0x2c,0x30,0x20,0x31,0x2c,0x30,0x2e,0x34,0x34,0x37,0x20,0x31,
  0x2c,0x31,0x20,0x76,0x20,0x33,0x30,0x20,0x63,0x20,0x30,0x2c,0x30,0x2e,0x35,0x35,
  0x33,0x20,0x30,0x2e,0x34,0x34,0x37,0x2c,0x31,0x20,0x31,0x2c,0x31,0x20,0x68,0x20,
  0x32,0x32,0x20,0x63,0x20,0x30,0x2e,0x35,0x35,0x33,0x2c,0x30,0x20,0x31,0x2c,0x2d,
  0x30,0x2e,0x34,0x34,0x37,0x20,0x31,0x2c,0x2d,0x31,0x20,0x56,0x20,0x36,0x2e,0x37,
  0x35,0x35,0x20,0x43,0x20,0x32,0x35,0x2c,0x36,0x2e,0x34,0x38,0x37,0x20,0x32,0x34,
  0x2e,0x38,0x39,0x33,0x2c,0x36,0x2e,0x32,0x33,0x32,0x20,0x32,0x34,0x2e,0x37,0x30,
  0x33,0x2c,0x36,0x2e,0x30,0x34,0x34,0x20,0x5a,0x20,0x6d,0x20,0x32,0x2e,0x36,0x38,
  0x37,0x2c,0x35,0x2e,0x35,0x39,0x34,0x20,0x48,0x20,0x31,0x39,0x2e,0x30,0x35,0x33,
  0x20,0x56,0x20,0x33,0x2e,0x33,0x39,0x37,0x20,0x5a,0x20,0x4d,0x20,0x33,0x2c,0x33,
  0x30,0x20,0x56,0x20,0x32,0x20,0x68,0x20,0x31,0x34,0x2e,0x30,0x35,0x34,0x20,0x76,
  0x20,0x34,0x2e,0x38,0x38,0x33,0x20,0x63,0x20,0x30,0x2c,0x30,0x2e,0x35,0x35,0x33,
  0x20,0x30,0x2e,0x34,0x34,0x37,0x2c,0x31,0x20,0x31,0x2c,0x31,0x20,0x48,0x20,0x32,
  0x33,0x20,0x56,0x20,0x33,0x30,0x20,0x5a,0x22,0xa,0x20,0x20,0x20,0x20,0x20,0x20,
  0x20,0x69,0x64,0x3d,0x22,0x70,0x61,0x74,0x68,0x32,0x22,0xa,0x20,0x20,0x20,0x20,
  0x20,0x20,0x20,0x73,0x74,0x79,0x6c,0x65,0x3d,0x22,0x66,0x69,0x6c,0x6c,0x3a,0x23,
  0x30,0x30,0x30,0x30,0x66,0x66,0x22,0x20,0x2f,0x3e,0x3c,0x70,0x61,0x74,0x68,0xa,
  0x20,0x20,0x20,0x20,0x20,0x20,0x20,0x69,0x6e,0x6b,0x73,0x63,0x61,0x70,0x65,0x3a,
  0x63,0x6f,0x6e,0x6e,0x65,0x63,0x74,0x6f,0x72,0x2d,0x63,0x75,0x72,0x76,0x61,0x74,
  0x75,0x72,0x65,0x3d,0x22,0x30,0x22,0xa,0x20,0x20,0x20,0x20,0x20,0x20,0x20,0x64,
  0x3d,0x22,0x4d,0x20,0x35,0x32,0x2e,0x37,0x30,0x33,0x2c,0x32,0x38,0x2e,0x30,0x34,
  0x34,0x20,0x34,0x36,0x2e,0x38,0x38,0x2c,0x32,0x32,0x2e,0x32,0x38,0x39,0x20,0x43,
  0x20,0x34,0x36,0x2e,0x36,0x39,0x32,0x2c,0x32,0x32,0x2e,0x31,0x30,0x34,0x20,0x34,
  0x36,0x2e,0x34,0x33,0x39,0x2c,0x32,0x32,0x20,0x34,0x36,0x2e,0x31,0x37,0x37,0x2c,
  0x32,0x32,0x20,0x48,0x20,0x33,0x30,0x20,0x63,0x20,0x2d,0x30,0x2e,0x35,0x35,0x33,
  0x2c,0x30,0x20,0x2d,0x31,0x2c,0x30,0x2e,0x34,0x34,0x37,0x20,0x2d,0x31,0x2c,0x31,
  0x20,0x76,0x20,0x33,0x30,0x20,0x63,0x20,0x30,0x2c,0x30,0x2e,0x35,0x35,0x33,0x20,
  0x30,0x2e,0x34,0x34,0x37,0x2c,0x31,0x20,0x31,0x2c,0x31,0x20,0x68,0x20,0x32,0x32,
  0x20,0x63,0x20,0x30,0x2e,0x35,0x35,0x33,0x2c,0x30,0x20,0x31,0x2c,0x2d,0x30,0x2e,
  0x34,0x34,0x37,0x20,0x31,0x2c,0x2d,0x31,0x20,0x56,0x20,0x32,0x38,0x2e,0x37,0x35,
  0x35,0x20,0x63,0x20,0x30,0x2c,0x2d,0x30,0x2e,0x32,0x36,0x38,0x20,0x2d,0x30,0x2e,
  0x31,0x30,0x37,0x2c,0x2d,0x30,0x2e,0x35,0x32,0x34,0x20,0x2d,0x30,0x2e,0x32,0x39,
  0x37,0x2c,0x2d,0x30,0x2e,0x37,0x31,0x31,0x20,0x7a,0x20,0x4d,0x20,0x34,0x39,0x2e,
  0x35,0x36,0x37,0x2c,0x32,0x37,0x2e,0x38,0x38,0x33,0x20,0x48,0x20,0x34,0x37,0x2e,
  0x30,0x35,0x33,0x20,0x56,0x20,0x32,0x35,0x2e,0x33,0x39,0x37,0x20,0x5a,0x20,0x4d,
  0x20,0x33,0x31,0x2c,0x35,0x32,0x20,0x56,0x20,0x32,0x34,0x20,0x68,0x20,0x31,0x34,
  0x2e,0x30,0x35,0x34,0x20,0x76,0x20,0x34,0x2e,0x38,0x38,0x33,0x20,0x63,0x20,0x30,
  0x2c,0x30,0x2e,0x35,0x35,0x33,0x20,0x30,0x2e,0x34,0x34,0x37,0x2c,0x31,0x20,0x31,
  0x2c,0x31,0x20,0x48,0x20,0x35,0x31,0x20,0x56,0x20,0x35,0x32,0x20,0x5a,0x22,0xa,
  0x20,0x20,0x20,0x20,0x20,0x20,0x20,0x69,0x64,0x3d,0x22,0x70,0x61,0x74,0x68,0x34,
  0x22,0xa,0x20,0x20,0x20,0x20,0x20,0x20,0x20,0x73,0x74,0x79,0x6c,0x65,0x3d,0x22,
  0x66,0x69,0x6c,0x6c,0x3a,0x23,0x30,0x30,0x30,0x30,0x66,0x66,0x22,0x20,0x2f,0x3e,
  0x3c,0x2f,0x67,0x3e,0x3c,0x2f,0x67,0x3e,0x3c,0x74,0x65,0x78,0x74,0xa,0x20,0x20,
  0x20,0x78,0x6d,0x6c,0x3a,0x73,0x70,0x61,0x63,0x65,0x3d,0x22,0x70,0x72,0x65,0x73,
  0x65,0x72,0x76,0x65,0x22,0xa,0x20,0x20,0x20,0x73,0x74,0x79,0x6c,0x65,0x3d,0x22,
  0x66,0x6f,0x6e,0x74,0x2d,0x73,0x74,0x79,0x6c,0x65,0x3a,0x6e,0x6f,0x72,0x6d,0x61,
  0x6c,0x3b,0x66,0x6f,0x6e,0x74,0x2d,0x77,0x65,0x69,0x67,0x68,0x74,0x3a,0x6e,0x6f,
  0x72,0x6d,0x61,0x6c,0x3b,0x66,0x6f,0x6e,0x74,0x2d,0x73,0x69,0x7a,0x65,0x3a,0x38,
  0x37,0x2e,0x38,0x36,0x70,0x78,0x3b,0x6c,0x69,0x6e,0x65,0x2d,0x68,0x65,0x69,0x67,
  0x68,0x74,0x3a,0x31,0x2e,0x32,0x35,0x3b,0x66,0x6f,0x6e,0x74,0x2d,0x66,0x61,0x6d,
  0x69,0x6c,0x79,0x3a,0x73,0x61,0x6e,0x73,0x2d,0x73,0x65,0x72,0x69,0x66,0x3b,0x6c,
  0x65,0x74,0x74,0x65,0x72,0x2d,0x73,0x70,0x61,0x63,0x69,0x6e,0x67,0x3a,0x30,0x70,
  0x78,0x3b,0x77,0x6f,0x72,0x64,0x2d,0x73,0x70,0x61,0x63,0x69,0x6e,0x67,0x3a,0x30,
  0x70,0x78,0x3b,0x66,0x69,0x6c,0x6c,0x3a,0x23,0x30,0x30,0x30,0x30,0x33,0x33,0x3b,
  0x66,0x69,0x6c,0x6c,0x2d,0x6f,0x70,0x61,0x63,0x69,0x74,0x79,0x3a,0x31,0x3b,0x73,
  0x74,0x72,0x6f,0x6b,0x65,0x3a,0x6e,0x6f,0x6e,0x65,0x3b,0x73,0x74,0x72,0x6f,0x6b,
  0x65,0x2d,0x77,0x69,0x64,0x74,0x68,0x3a,0x32,0x2e,0x31,0x39,0x36,0x35,0x22,0xa,
  0x20,0x20,0x20,0x78,0x3d,0x22,0x31,0x39,0x36,0x2e,0x39,0x36,0x38,0x31,0x37,0x22,
  0xa,0x20,0x20,0x20,0x79,0x3d,0x22,0x33,0x35,0x34,0x2e,0x38,0x31,0x30,0x39,0x34,
  0x22,0xa,0x20,0x20,0x20,0x69,0x64,0x3d,0x22,0x74,0x65,0x78,0x74,0x38,0x36,0x30,
  0x2d,0x33,0x22,0xa,0x20,0x20,0x20,0x74,0x72,0x61,0x6e,0x73,0x66,0x6f,0x72,0x6d,
  0x3d,0x22,0x73,0x63,0x61,0x6c,0x65,0x28,0x30,0x2e,0x37,0x34,0x39,0x32,0x36,0x37,
  0x37,0x39,0x2c,0x31,0x2e,0x33,0x33,0x34,0x36,0x33,0x36,0x33,0x29,0x22,0x3e,0x3c,
  0x74,0x73,0x70,0x61,0x6e,0xa,0x20,0x20,0x20,0x20,0x20,0x73,0x6f,0x64,0x69,0x70,
  0x6f,0x64,0x69,0x3a,0x72,0x6f,0x6c,0x65,0x3d,0x22,0x6c,0x69,0x6e,0x65,0x22,0xa,
  0x20,0x20,0x20,0x20,0x20,0x69,0x64,0x3d,0x22,0x74,0x73,0x70,0x61,0x6e,0x38,0x35,
  0x38,0x2d,0x36,0x22,0xa,0x20,0x20,0x20,0x20,0x20,0x78,0x3d,0x22,0x31,0x39,0x36,
  0x2e,0x39,0x36,0x38,0x31,0x37,0x22,0xa,0x20,0x20,0x20,0x20,0x20,0x79,0x3d,0x22,
  0x33,0x35,0x34,0x2e,0x38,0x31,0x30,0x39,0x34,0x22,0xa,0x20,0x20,0x20,0x20,0x20,
  0x73,0x74,0x79,0x6c,0x65,0x3d,0x22,0x66,0x6f,0x6e,0x74,0x2d,0x73,0x74,0x79,0x6c,
  0x65,0x3a,0x6e,0x6f,0x72,0x6d,0x61,0x6c,0x3b,0x66,0x6f,0x6e,0x74,0x2d,0x76,0x61,
  0x72,0x69,0x61,0x6e,0x74,0x3a,0x6e,0x6f,0x72,0x6d,0x61,0x6c,0x3b,0x66,0x6f,0x6e,
  0x74,0x2d,0x77,0x65,0x69,0x67,0x68,0x74,0x3a,0x62,0x6f,0x6c,0x64,0x3b,0x66,0x6f,
  0x6e,0x74,0x2d,0x73,0x74,0x72,0x65,0x74,0x63,0x68,0x3a,0x6e,0x6f,0x72,0x6d,0x61,
  0x6c,0x3b,0x66,0x6f,0x6e,0x74,0x2d,0x66,0x61,0x6d,0x69,0x6c,0x79,0x3a,0x73,0x61,
  0x6e,0x73,0x2d,0x73,0x65,0x72,0x69,0x66,0x3b,0x2d,0x69,0x6e,0x6b,0x73,0x63,0x61,
  0x70,0x65,0x2d,0x66,0x6f,0x6e,0x74,0x2d,0x73,0x70,0x65,0x63,0x69,0x66,0x69,0x63,
  0x61,0x74,0x69,0x6f,0x6e,0x3a,0x27,0x73,0x61,0x6e,0x73,0x2d,0x73,0x65,0x72,0x69,
  0x66,0x20,0x42,0x6f,0x6c,0x64,0x27,0x3b,0x66,0x69,0x6c,0x6c,0x3a,0x23,0x30,0x30,
  0x30,0x30,0x33,0x33,0x3b,0x73,0x74,0x72,0x6f,0x6b,0x65,0x2d,0x77,0x69,0x64,0x74,
  0x68,0x3a,0x32,0x2e,0x31,0x39,0x36,0x35,0x22,0x3e,0x48,0x6f,0x6d,0x65,0x3c,0x2f,
  0x74,0x73,0x70,0x61,0x6e,0x3e,0x3c,0x2f,0x74,0x65,0x78,0x74,0x3e,0x3c,0x2f,0x67,
  0x3e,0xa,0x3c,0x67,0xa,0x20,0x20,0x20,0x69,0x64,0x3d,0x22,0x67,0x35,0x31,0x33,
  0x31,0x22,0x3e,0xa,0x3c,0x2f,0x67,0x3e,0xa,0x3c,0x67,0xa,0x20,0x20,0x20,0x69,
  0x64,0x3d,0x22,0x67,0x35,0x31,0x33,0x33,0x22,0x3e,0xa,0x3c,0x2f,0x67,0x3e,0xa,
  0x3c,0x67,0xa,0x20,0x20,0x20,0x69,0x64,0x3d,0x22,0x67,0x35,0x31,0x33,0x35,0x22,
  0x3e,0xa,0x3c,0x2f,0x67,0x3e,0xa,0x3c,0x67,0xa,0x20,0x20,0x20,0x69,0x64,0x3d,
  0x22,0x67,0x35,0x31,0x33,0x37,0x22,0x3e,0xa,0x3c,0x2f,0x67,0x3e,0xa,0x3c,0x67,
  0xa,0x20,0x20,0x20,0x69,0x64,0x3d,0x22,0x67,0x35,0x31,0x33,0x39,0x22,0x3e,0xa,
  0x3c,0x2f,0x67,0x3e,0xa,0x3c,0x67,0xa,0x20,0x20,0x20,0x69,0x64,0x3d,0x22,0x67,
  0x35,0x31,0x34,0x31,0x22,0x3e,0xa,0x3c,0x2f,0x67,0x3e,0xa,0x3c,0x67,0xa,0x20,
  0x20,0x20,0x69,0x64,0x3d,0x22,0x67,0x35,0x31,0x34,0x33,0x22,0x3e,0xa,0x3c,0x2f,
  0x67,0x3e,0xa,0x3c,0x67,0xa,0x20,0x20,0x20,0x69,0x64,0x3d,0x22,0x67,0x35,0x31,
  0x34,0x35,0x22,0x3e,0xa,0x3c,0x2f,0x67,0x3e,0xa,0x3c,0x67,0xa,0x20,0x20,0x20,
  0x69,0x64,0x3d,0x22,0x67,0x35,0x31,0x34,0x37,0x22,0x3e,0xa,0x3c,0x2f,0x67,0x3e,
  0xa,0x3c,0x67,0xa,0x20,0x20,0x20,0x69,0x64,0x3d,0x22,0x67,0x35,0x31,0x34,0x39,
  0x22,0x3e,0xa,0x3c,0x2f,0x67,0x3e,0xa,0x3c,0x67,0xa,0x20,0x20,0x20,0x69,0x64,
  0x3d,0x22,0x67,0x35,0x31,0x35,0x31,0x22,0x3e,0xa,0x3c,0x2f,0x67,0x3e,0xa,0x3c,
  0x67,0xa,0x20,0x20,0x20,0x69,0x64,0x3d,0x22,0x67,0x35,0x31,0x35,0x33,0x22,0x3e,
  0xa,0x3c,0x2f,0x67,0x3e,0xa,0x3c,0x67,0xa,0x20,0x20,0x20,0x69,0x64,0x3d,0x22,
  0x67,0x35,0x31,0x35,0x35,0x22,0x3e,0xa,0x3c,0x2f,0x67,0x3e,0xa,0x3c,0x67,0xa,
  0x20,0x20,0x20,0x69,0x64,0x3d,0x22,0x67,0x35,0x31,0x35,0x37,0x22,0x3e,0xa,0x3c,
  0x2f,0x67,0x3e,0xa,0x3c,0x67,0xa,0x20,0x20,0x20,0x69,0x64,0x3d,0x22,0x67,0x35,
  0x31,0x35,0x39,0x22,0x3e,0xa,0x3c,0x2f,0x67,0x3e,0xa,0x3c,0x2f,0x73,0x76,0x67,
  0x3e,0xa,
    // /home/etapadmin/Masaüstü/ulakshare/ulakshare-server/icons/sendcustom.svg
  0x0,0x0,0x12,0x37,
  0x3c,
  0x3f,0x78,0x6d,0x6c,0x20,0x76,0x65,0x72,0x73,0x69,0x6f,0x6e,0x3d,0x22,0x31,0x2e,
  0x30,0x22,0x20,0x65,0x6e,0x63,0x6f,0x64,0x69,0x6e,0x67,0x3d,0x22,0x55,0x54,0x46,
  0x2d,0x38,0x22,0x20,0x73,0x74,0x61,0x6e,0x64,0x61,0x6c,0x6f,0x6e,0x65,0x3d,0x22,
  0x6e,0x6f,0x22,0x3f,0x3e,0xa,0x3c,0x21,0x2d,0x2d,0x20,0x47,0x65,0x6e,0x65,0x72,
  0x61,0x74,0x6f,0x72,0x3a,0x20,0x41,0x64,0x6f,0x62,0x65,0x20,0x49,0x6c,0x6c,0x75,
  0x73,0x74,0x72,0x61,0x74,0x6f,0x72,0x20,0x31,0x39,0x2e,0x30,0x2e,0x30,0x2c,0x20,
  0x53,0x56,0x47,0x20,0x45,0x78,0x70,0x6f,0x72,0x74,0x20,0x50,0x6c,0x75,0x67,0x2d,
  0x49,0x6e,0x20,0x2e,0x20,0x53,0x56,0x47,0x20,0x56,0x65,0x72,0x73,0x69,0x6f,0x6e,
  0x3a,0x20,0x36,0x2e,0x30,0x30,0x20,0x42,0x75,0x69,0x6c,0x64,0x20,0x30,0x29,0x20,
  0x20,0x2d,0x2d,0x3e,0xa,0xa,0x3c,0x73,0x76,0x67,0xa,0x20,0x20,0x20,0x76,0x65,
  0x72,0x73,0x69,0x6f,0x6e,0x3d,0x22,0x31,0x2e,0x31,0x22,0xa,0x20,0x20,0x20,0x69,
  0x64,0x3d,0x22,0x4c,0x61,0x79,0x65,0x72,0x5f,0x31,0x22,0xa,0x20,0x20,0x20,0x78,
  0x3d,0x22,0x30,0x70,0x78,0x22,0xa,0x20,0x20,0x20,0x79,0x3d,0x22,0x30,0x70,0x78,
  0x22,0xa,0x20,0x20,0x20,0x76,0x69,0x65,0x77,0x42,0x6f,0x78,0x3d,0x22,0x30,0x20,
  0x30,0x20,0x34,0x38,0x39,0x2e,0x38,0x20,0x34,0x38,0x39,0x2e,0x38,0x22,0xa,0x20,
  0x20,0x20,0x73,0x74,0x79,0x6c,0x65,0x3d,0x22,0x65,0x6e,0x61,0x62,0x6c,0x65,0x2d,
  0x62,0x61,0x63,0x6b,0x67,0x72,0x6f,0x75,0x6e,0x64,0x3a,0x6e,0x65,0x77,0x20,0x30,
  0x20,0x30,0x20,0x34,0x38,0x39,0x2e,0x38,0x20,0x34,0x38,0x39,0x2e,0x38,0x3b,0x22,
  0xa,0x20,0x20,0x20,0x78,0x6d,0x6c,0x3a,0x73,0x70,0x61,0x63,0x65,0x3d,0x22,0x70,
  0x72,0x65,0x73,0x65,0x72,0x76,0x65,0x22,0xa,0x20,0x20,0x20,0x73,0x6f,0x64,0x69,
  0x70,0x6f,0x64,0x69,0x3a,0x64,0x6f,0x63,0x6e,0x61,0x6d,0x65,0x3d,0x22,0x73,0x65,
  0x6e,0x64,0x63,0x75,0x73,0x74,0x6f,0x6d,0x2e,0x73,0x76,0x67,0x22,0xa,0x20,0x20,
  0x20,0x69,0x6e,0x6b,0x73,0x63,0x61,0x70,0x65,0x3a,0x76,0x65,0x72,0x73,0x69,0x6f,
  0x6e,0x3d,0x22,0x31,0x2e,0x32,0x2e,0x32,0x20,0x28,0x62,0x30,0x61,0x38,0x34,0x38,
  0x36,0x35,0x34,0x31,0x2c,0x20,0x32,0x30,0x32,0x32,0x2d,0x31,0x32,0x2d,0x30,0x31,
  0x29,0x22,0xa,0x20,0x20,0x20,0x78,0x6d,0x6c,0x6e,0x73,0x3a,0x69,0x6e,0x6b,0x73,
  0x63,0x61,0x70,0x65,0x3d,0x22,0x68,0x74,0x74,0x70,0x3a,0x2f,0x2f,0x77,0x77,0x77,
  0x2e,0x69,0x6e,0x6b,0x73,0x63,0x61,0x70,0x65,0x2e,0x6f,0x72,0x67,0x2f,0x6e,0x61,
  0x6d,0x65,0x73,0x70,0x61,0x63,0x65,0x73,0x2f,0x69,0x6e,0x6b,0x73,0x63,0x61,0x70,
  0x65,0x22,0xa,0x20,0x20,0x20,0x78,0x6d,0x6c,0x6e,0x73,0x3a,0x73,0x6f,0x64,0x69,
  0x70,0x6f,0x64,0x69,0x3d,0x22,0x68,0x74,0x74,0x70,0x3a,0x2f,0x2f,0x73,0x6f,0x64,
  0x69,0x70,0x6f,0x64,0x69,0x2e,0x73,0x6f,0x75,0x72,0x63,0x65,0x66,0x6f,0x72,0x67,
  0x65,0x2e,0x6e,0x65,0x74,0x2f,0x44,0x54,0x44,0x2f,0x73,0x6f,0x64,0x69,0x70,0x6f,
  0x64,0x69,0x2d,0x30,0x2e,0x64,0x74,0x64,0x22,0xa,0x20,0x20,0x20,0x78,0x6d,0x6c,
  0x6e,0x73,0x3d,0x22,0x68,0x74,0x74,0x70,0x3a,0x2f,0x2f,0x77,0x77,0x77,0x2e,0x77,
  0x33,0x2e,0x6f,0x72,0x67,0x2f,0x32,0x30,0x30,0x30,0x2f,0x73,0x76,0x67,0x22,0xa,
  0x20,0x20,0x20,0x78,0x6d,0x6c,0x6e,0x73,0x3a,0x73,0x76,0x67,0x3d,0x22,0x68,0x74,
  0x74,0x70,0x3a,0x2f,0x2f,0x77,0x77,0x77,0x2e,0x77,0x33,0x2e,0x6f,0x72,0x67,0x2f,
  0x32,0x30,0x30,0x30,0x2f,0x73,0x76,0x67,0x22,0xa,0x20,0x20,0x20,0x78,0x6d,0x6c,
  0x6e,0x73,0x3a,0x72,0x64,0x66,0x3d,0x22,0x68,0x74,0x74,0x70,0x3a,0x2f,0x2f,0x77,
  0x77,0x77,0x2e,0x77,0x33,0x2e,0x6f,0x72,0x67,0x2f,0x31,0x39,0x39,0x39,0x2f,0x30,
  0x32,0x2f,0x32,0x32,0x2d,0x72,0x64,0x66,0x2d,0x73,0x79,0x6e,0x74,0x61,0x78,0x2d,
  0x6e,0x73,0x23,0x22,0xa,0x20,0x20,0x20,0x78,0x6d,0x6c,0x6e,0x73,0x3a,0x63,0x63,
  0x3d,0x22,0x68,0x74,0x74,0x70,0x3a,0x2f,0x2f,0x63,0x72,0x65,0x61,0x74,0x69,0x76,
  0x65,0x63,0x6f,0x6d,0x6d,0x6f,0x6e,0x73,0x2e,0x6f,0x72,0x67,0x2f,0x6e,0x73,0x23,
  0x22,0xa,0x20,0x20,0x20,0x78,0x6d,0x6c,0x6e,0x73,0x3a,0x64,0x63,0x3d,0x22,0x68,
  0x74,0x74,0x70,0x3a,0x2f,0x2f,0x70,0x75,0x72,0x6c,0x2e,0x6f,0x72,0x67,0x2f,0x64,
  0x63,0x2f,0x65,0x6c,0x65,0x6d,0x65,0x6e,0x74,0x73,0x2f,0x31,0x2e,0x31,0x2f,0x22,
  0x3e,0x3c,0x6d,0x65,0x74,0x61,0x64,0x61,0x74,0x61,0xa,0x20,0x20,0x20,0x69,0x64,
  0x3d,0x22,0x6d,0x65,0x74,0x61,0x64,0x61,0x74,0x61,0x34,0x38,0x22,0x3e,0x3c,0x72,
  0x64,0x66,0x3a,0x52,0x44,0x46,0x3e,0x3c,0x63,0x63,0x3a,0x57,0x6f,0x72,0x6b,0xa,
  0x20,0x20,0x20,0x20,0x20,0x20,0x20,0x72,0x64,0x66,0x3a,0x61,0x62,0x6f,0x75,0x74,
  0x3d,0x22,0x22,0x3e,0x3c,0x64,0x63,0x3a,0x66,0x6f,0x72,0x6d,0x61,0x74,0x3e,0x69,
  0x6d,0x61,0x67,0x65,0x2f,0x73,0x76,0x67,0x2b,0x78,0x6d,0x6c,0x3c,0x2f,0x64,0x63,
  0x3a,0x66,0x6f,0x72,0x6d,0x61,0x74,0x3e,0x3c,0x64,0x63,0x3a,0x74,0x79,0x70,0x65,
  0xa,0x20,0x20,0x20,0x20,0x20,0x20,0x20,0x20,0x20,0x72,0x64,0x66,0x3a,0x72,0x65,
  0x73,0x6f,0x75,0x72,0x63,0x65,0x3d,0x22,0x68,0x74,0x74,0x70,0x3a,0x2f,0x2f,0x70,
  0x75,0x72,0x6c,0x2e,0x6f,0x72,0x67,0x2f,0x64,0x63,0x2f,0x64,0x63,0x6d,0x69,0x74,
  0x79,0x70,0x65,0x2f,0x53,0x74,0x69,0x6c,0x6c,0x49,0x6d,0x61,0x67,0x65,0x22,0x20,
  0x2f,0x3e,0x3c,0x2f,0x63,0x63,0x3a,0x57,0x6f,0x72,0x6b,0x3e,0x3c,0x2f,0x72,0x64,
  0x66,0x3a,0x52,0x44,0x46,0x3e,0x3c,0x2f,0x6d,0x65,0x74,0x61,0x64,0x61,0x74,0x61,
  0x3e,0x3c,0x64,0x65,0x66,0x73,0xa,0x20,0x20,0x20,0x69,0x64,0x3d,0x22,0x64,0x65,
  0x66,0x73,0x34,0x36,0x22,0x20,0x2f,0x3e,0x3c,0x73,0x6f,0x64,0x69,0x70,0x6f,0x64,
  0x69,0x3a,0x6e,0x61,0x6d,0x65,0x64,0x76,0x69,0x65,0x77,0xa,0x20,0x20,0x20,0x70,
  0x61,0x67,0x65,0x63,0x6f,0x6c,0x6f,0x72,0x3d,0x22,0x23,0x66,0x66,0x66,0x66,0x66,
  0x66,0x22,0xa,0x20,0x20,0x20,0x62,0x6f,0x72,0x64,0x65,0x72,0x63,0x6f,0x6c,0x6f,
  0x72,0x3d,0x22,0x23,0x36,0x36,0x36,0x36,0x36,0x36,0x22,0xa,0x20,0x20,0x20,0x62,
  0x6f,0x72,0x64,0x65,0x72,0x6f,0x70,0x61,0x63,0x69,0x74,0x79,0x3d,0x22,0x31,0x22,
  0xa,0x20,0x20,0x20,0x6f,0x62,0x6a,0x65,0x63,0x74,0x74,0x6f,0x6c,0x65,0x72,0x61,
  0x6e,0x63,0x65,0x3d,0x22,0x31,0x30,0x22,0xa,0x20,0x20,0x20,0x67,0x72,0x69,0x64,
  0x74,0x6f,0x6c,0x65,0x72,0x61,0x6e,0x63,0x65,0x3d,0x22,0x31,0x30,0x22,0xa,0x20,
  0x20,0x20,0x67,0x75,0x69,0x64,0x65,0x74,0x6f,0x6c,0x65,0x72,0x61,0x6e,0x63,0x65,
  0x3d,0x22,0x31,0x30,0x22,0xa,0x20,0x20,0x20,0x69,0x6e,0x6b,0x73,0x63,0x61,0x70,
  0x65,0x3a,0x70,0x61,0x67,0x65,0x6f,0x70,0x61,0x63,0x69,0x74,0x79,0x3d,0x22,0x30,
  0x22,0xa,0x20,0x20,0x20,0x69,0x6e,0x6b,0x73,0x63,0x61,0x70,0x65,0x3a,0x70,0x61,
  0x67,0x65,0x73,0x68,0x61,0x64,0x6f,0x77,0x3d,0x22,0x32,0x22,0xa,0x20,0x20,0x20,
  0x69,0x6e,0x6b,0x73,0x63,0x61,0x70,0x65,0x3a,0x77,0x69,0x6e,0x64,0x6f,0x77,0x2d,
  0x77,0x69,0x64,0x74,0x68,0x3d,0x22,0x31,0x33,0x36,0x36,0x22,0xa,0x20,0x20,0x20,
  0x69,0x6e,0x6b,0x73,0x63,0x61,0x70,0x65,0x3a,0x77,0x69,0x6e,0x64,0x6f,0x77,0x2d,
  0x68,0x65,0x69,0x67,0x68,0x74,0x3d,0x22,0x36,0x36,0x37,0x22,0xa,0x20,0x20,0x20,
  0x69,0x64,0x3d,0x22,0x6e,0x61,0x6d,0x65,0x64,0x76,0x69,0x65,0x77,0x34,0x34,0x22,
  0xa,0x20,0x20,0x20,0x73,0x68,0x6f,0x77,0x67,0x72,0x69,0x64,0x3d,0x22,0x66,0x61,
  0x6c,0x73,0x65,0x22,0xa,0x20,0x20,0x20,0x69,0x6e,0x6b,0x73,0x63,0x61,0x70,0x65,
  0x3a,0x7a,0x6f,0x6f,0x6d,0x3d,0x22,0x30,0x2e,0x34,0x38,0x31,0x38,0x32,0x39,0x33,
  0x33,0x22,0xa,0x20,0x20,0x20,0x69,0x6e,0x6b,0x73,0x63,0x61,0x70,0x65,0x3a,0x63,
  0x78,0x3d,0x22,0x32,0x32,0x36,0x2e,0x32,0x32,0x31,0x31,0x38,0x22,0xa,0x20,0x20,
  0x20,0x69,0x6e,0x6b,0x73,0x63,0x61,0x70,0x65,0x3a,0x63,0x79,0x3d,0x22,0x32,0x34,
  0x34,0x2e,0x38,0x39,0x39,0x39,0x39,0x22,0xa,0x20,0x20,0x20,0x69,0x6e,0x6b,0x73,
  0x63,0x61,0x70,0x65,0x3a,0x77,0x69,0x6e,0x64,0x6f,0x77,0x2d,0x78,0x3d,0x22,0x30,
  0x22,0xa,0x20,0x20,0x20,0x69,0x6e,0x6b,0x73,0x63,0x61,0x70,0x65,0x3a,0x77,0x69,
  0x6e,0x64,0x6f,0x77,0x2d,0x79,0x3d,0x22,0x30,0x22,0xa,0x20,0x20,0x20,0x69,0x6e,
  0x6b,0x73,0x63,0x61,0x70,0x65,0x3a,0x77,0x69,0x6e,0x64,0x6f,0x77,0x2d,0x6d,0x61,
  0x78,0x69,0x6d,0x69,0x7a,0x65,0x64,0x3d,0x22,0x31,0x22,0xa,0x20,0x20,0x20,0x69,
  0x6e,0x6b,0x73,0x63,0x61,0x70,0x65,0x3a,0x63,0x75,0x72,0x72,0x65,0x6e,0x74,0x2d,
  0x6c,0x61,0x79,0x65,0x72,0x3d,0x22,0x4c,0x61,0x79,0x65,0x72,0x5f,0x31,0x22,0xa,
  0x20,0x20,0x20,0x69,0x6e,0x6b,0x73,0x63,0x61,0x70,0x65,0x3a,0x73,0x68,0x6f,0x77,
  0x70,0x61,0x67,0x65,0x73,0x68,0x61,0x64,0x6f,0x77,0x3d,0x22,0x32,0x22,0xa,0x20,
  0x20,0x20,0x69,0x6e,0x6b,0x73,0x63,0x61,0x70,0x65,0x3a,0x70,0x61,0x67,0x65,0x63,
  0x68,0x65,0x63,0x6b,0x65,0x72,0x62,0x6f,0x61,0x72,0x64,0x3d,0x22,0x30,0x22,0xa,
  0x20,0x20,0x20,0x69,0x6e,0x6b,0x73,0x63,0x61,0x70,0x65,0x3a,0x64,0x65,0x73,0x6b,
  0x63,0x6f,0x6c,0x6f,0x72,0x3d,0x22,0x23,0x64,0x31,0x64,0x31,0x64,0x31,0x22,0x20,
  0x2f,0x3e,0xa,0x3c,0x67,0xa,0x20,0x20,0x20,0x69,0x64,0x3d,0x22,0x67,0x31,0x31,
  0x22,0xa,0x20,0x20,0x20,0x74,0x72,0x61,0x6e,0x73,0x66,0x6f,0x72,0x6d,0x3d,0x22,
  0x6d,0x61,0x74,0x72,0x69,0x78,0x28,0x30,0x2e,0x38,0x39,0x38,0x33,0x30,0x35,0x30,
  0x39,0x2c,0x30,0x2c,0x30,0x2c,0x30,0x2e,0x37,0x39,0x30,0x31,0x34,0x39,0x33,0x2c,
  0x32,0x34,0x2e,0x39,0x30,0x35,0x30,0x37,0x37,0x2c,0x2d,0x31,0x30,0x2e,0x38,0x37,
  0x30,0x32,0x38,0x29,0x22,0x3e,0xa,0x9,0x3c,0x67,0xa,0x20,0x20,0x20,0x69,0x64,
  0x3d,0x22,0x67,0x39,0x22,0x3e,0xa,0x9,0x9,0x3c,0x70,0x61,0x74,0x68,0xa,0x20,
  0x20,0x20,0x69,0x64,0x3d,0x22,0x58,0x4d,0x4c,0x49,0x44,0x5f,0x32,0x30,0x34,0x39,
  0x5f,0x22,0xa,0x20,0x20,0x20,0x73,0x74,0x79,0x6c,0x65,0x3d,0x22,0x66,0x69,0x6c,
  0x6c,0x3a,0x23,0x33,0x63,0x39,0x32,0x63,0x61,0x22,0xa,0x20,0x20,0x20,0x64,0x3d,
  0x22,0x4d,0x20,0x33,0x34,0x30,0x2c,0x32,0x31,0x31,0x2e,0x39,0x20,0x48,0x20,0x31,
  0x34,0x39,0x2e,0x36,0x20,0x63,0x20,0x2d,0x36,0x2e,0x36,0x2c,0x30,0x20,0x2d,0x31,
  0x32,0x2c,0x2d,0x35,0x2e,0x34,0x20,0x2d,0x31,0x32,0x2c,0x2d,0x31,0x32,0x20,0x56,
  0x20,0x36,0x38,0x2e,0x31,0x20,0x63,0x20,0x30,0x2c,0x2d,0x36,0x2e,0x36,0x20,0x35,
  0x2e,0x34,0x2c,0x2d,0x31,0x32,0x20,0x31,0x32,0x2c,0x2d,0x31,0x32,0x20,0x48,0x20,
  0x33,0x34,0x30,0x20,0x63,0x20,0x36,0x2e,0x36,0x2c,0x30,0x20,0x31,0x32,0x2c,0x35,
  0x2e,0x34,0x20,0x31,0x32,0x2c,0x31,0x32,0x20,0x76,0x20,0x31,0x33,0x31,0x2e,0x38,
  0x20,0x63,0x20,0x30,0x2c,0x36,0x2e,0x36,0x20,0x2d,0x35,0x2e,0x34,0x2c,0x31,0x32,
  0x20,0x2d,0x31,0x32,0x2c,0x31,0x32,0x20,0x7a,0x22,0x20,0x2f,0x3e,0xa,0x9,0x9,
  0x3c,0x70,0x61,0x74,0x68,0xa,0x20,0x20,0x20,0x64,0x3d,0x22,0x6d,0x20,0x32,0x35,
  0x2e,0x33,0x2c,0x34,0x34,0x32,0x2e,0x37,0x20,0x68,0x20,0x39,0x31,0x2e,0x32,0x20,
  0x63,0x20,0x31,0x34,0x2c,0x30,0x20,0x32,0x35,0x2e,0x33,0x2c,0x2d,0x31,0x31,0x2e,
  0x34,0x20,0x32,0x35,0x2e,0x33,0x2c,0x2d,0x32,0x35,0x2e,0x33,0x20,0x56,0x20,0x33,
  0x36,0x38,0x20,0x63,0x20,0x30,0x2c,0x2d,0x31,0x34,0x20,0x2d,0x31,0x31,0x2e,0x34,
  0x2c,0x2d,0x32,0x35,0x2e,0x33,0x20,0x2d,0x32,0x35,0x2e,0x33,0x2c,0x2d,0x32,0x35,
  0x2e,0x33,0x20,0x48,0x20,0x38,0x30,0x20,0x56,0x20,0x33,0x30,0x30,0x20,0x63,0x20,
  0x30,0x2c,0x2d,0x37,0x2e,0x35,0x20,0x36,0x2e,0x31,0x2c,0x2d,0x31,0x33,0x2e,0x37,
  0x20,0x31,0x33,0x2e,0x37,0x2c,0x2d,0x31,0x33,0x2e,0x37,0x20,0x68,0x20,0x31,0x34,
  0x32,0x2e,0x31,0x20,0x76,0x20,0x35,0x36,0x2e,0x34,0x20,0x68,0x20,0x2d,0x33,0x36,
  0x2e,0x35,0x20,0x63,0x20,0x2d,0x31,0x34,0x2c,0x30,0x20,0x2d,0x32,0x35,0x2e,0x33,
  0x2c,0x31,0x31,0x2e,0x34,0x20,0x2d,0x32,0x35,0x2e,0x33,0x2c,0x32,0x35,0x2e,0x33,
  0x20,0x76,0x20,0x34,0x39,0x2e,0x34,0x20,0x63,0x20,0x30,0x2c,0x31,0x34,0x20,0x31,
  0x31,0x2e,0x34,0x2c,0x32,0x35,0x2e,0x33,0x20,0x32,0x35,0x2e,0x33,0x2c,0x32,0x35,
  0x2e,0x33,0x20,0x68,0x20,0x39,0x31,0x2e,0x32,0x20,0x63,0x20,0x31,0x34,0x2c,0x30,
  0x20,0x32,0x35,0x2e,0x33,0x2c,0x2d,0x31,0x31,0x2e,0x34,0x20,0x32,0x35,0x2e,0x33,
  0x2c,0x2d,0x32,0x35,0x2e,0x33,0x20,0x56,0x20,0x33,0x36,0x38,0x20,0x63,0x20,0x30,
  0x2c,0x2d,0x31,0x34,0x20,0x2d,0x31,0x31,0x2e,0x34,0x2c,0x2d,0x32,0x35,0x2e,0x33,
  0x20,0x2d,0x32,0x35,0x2e,0x33,0x2c,0x2d,0x32,0x35,0x2e,0x33,0x20,0x48,0x20,0x32,
  0x35,0x34,0x20,0x76,0x20,0x2d,0x35,0x36,0x2e,0x34,0x20,0x68,0x20,0x31,0x34,0x32,
  0x2e,0x31,0x20,0x63,0x20,0x37,0x2e,0x35,0x2c,0x30,0x20,0x31,0x33,0x2e,0x37,0x2c,
  0x36,0x2e,0x31,0x20,0x31,0x33,0x2e,0x37,0x2c,0x31,0x33,0x2e,0x37,0x20,0x76,0x20,
  0x34,0x32,0x2e,0x37,0x20,0x68,0x20,0x2d,0x33,0x36,0x2e,0x35,0x20,0x63,0x20,0x2d,
  0x31,0x34,0x2c,0x30,0x20,0x2d,0x32,0x35,0x2e,0x33,0x2c,0x31,0x31,0x2e,0x34,0x20,
  0x2d,0x32,0x35,0x2e,0x33,0x2c,0x32,0x35,0x2e,0x33,0x20,0x76,0x20,0x34,0x39,0x2e,
  0x34,0x20,0x63,0x20,0x30,0x2c,0x31,0x34,0x20,0x31,0x31,0x2e,0x34,0x2c,0x32,0x35,
  0x2e,0x33,0x20,0x32,0x35,0x2e,0x33,0x2c,0x32,0x35,0x2e,0x33,0x20,0x68,0x20,0x39,
  0x31,0x2e,0x32,0x20,0x63,0x20,0x31,0x34,0x2c,0x30,0x20,0x32,0x35,0x2e,0x33,0x2c,
  0x2d,0x31,0x31,0x2e,0x34,0x20,0x32,0x35,0x2e,0x33,0x2c,0x2d,0x32,0x35,0x2e,0x33,
  0x20,0x56,0x20,0x33,0x36,0x38,0x20,0x63,0x20,0x30,0x2c,0x2d,0x31,0x34,0x20,0x2d,
  0x31,0x31,0x2e,0x34,0x2c,0x2d,0x32,0x35,0x2e,0x33,0x20,0x2d,0x32,0x35,0x2e,0x33,
  0x2c,0x2d,0x32,0x35,0x2e,0x33,0x20,0x48,0x20,0x34,0x32,0x38,0x20,0x56,0x20,0x33,
  0x30,0x30,0x20,0x63,0x20,0x30,0x2c,0x2d,0x31,0x37,0x2e,0x35,0x20,0x2d,0x31,0x34,
  0x2e,0x33,0x2c,0x2d,0x33,0x31,0x2e,0x38,0x20,0x2d,0x33,0x31,0x2e,0x38,0x2c,0x2d,
  0x33,0x31,0x2e,0x38,0x20,0x48,0x20,0x32,0x35,0x33,0x2e,0x39,0x20,0x76,0x20,0x2d,
  0x34,0x37,0x2e,0x33,0x20,0x68,0x20,0x37,0x34,0x20,0x63,0x20,0x31,0x38,0x2e,0x33,
  0x2c,0x30,0x20,0x33,0x33,0x2e,0x32,0x2c,0x2d,0x31,0x34,0x2e,0x39,0x20,0x33,0x33,
  0x2e,0x32,0x2c,0x2d,0x33,0x33,0x2e,0x32,0x20,0x56,0x20,0x38,0x30,0x2e,0x33,0x20,
  0x43,0x20,0x33,0x36,0x31,0x2e,0x31,0x2c,0x36,0x32,0x20,0x33,0x34,0x36,0x2e,0x32,
  0x2c,0x34,0x37,0x2e,0x31,0x20,0x33,0x32,0x37,0x2e,0x39,0x2c,0x34,0x37,0x2e,0x31,
  0x20,0x48,0x20,0x31,0x36,0x31,0x2e,0x38,0x20,0x63,0x20,0x2d,0x31,0x38,0x2e,0x33,
  0x2c,0x30,0x20,0x2d,0x33,0x33,0x2e,0x32,0x2c,0x31,0x34,0x2e,0x39,0x20,0x2d,0x33,
  0x33,0x2e,0x32,0x2c,0x33,0x33,0x2e,0x32,0x20,0x76,0x20,0x31,0x30,0x37,0x2e,0x34,
  0x20,0x63,0x20,0x30,0x2c,0x31,0x38,0x2e,0x33,0x20,0x31,0x34,0x2e,0x39,0x2c,0x33,
  0x33,0x2e,0x32,0x20,0x33,0x33,0x2e,0x32,0x2c,0x33,0x33,0x2e,0x32,0x20,0x68,0x20,
  0x37,0x34,0x20,0x76,0x20,0x34,0x37,0x2e,0x32,0x20,0x48,0x20,0x39,0x33,0x2e,0x37,
  0x20,0x63,0x20,0x2d,0x31,0x37,0x2e,0x35,0x2c,0x30,0x20,0x2d,0x33,0x31,0x2e,0x38,
  0x2c,0x31,0x34,0x2e,0x33,0x20,0x2d,0x33,0x31,0x2e,0x38,0x2c,0x33,0x31,0x2e,0x38,
  0x20,0x76,0x20,0x34,0x32,0x2e,0x37,0x20,0x48,0x20,0x32,0x35,0x2e,0x33,0x20,0x43,
  0x20,0x31,0x31,0x2e,0x33,0x2c,0x33,0x34,0x32,0x2e,0x36,0x20,0x30,0x2c,0x33,0x35,
  0x34,0x20,0x30,0x2c,0x33,0x36,0x37,0x2e,0x39,0x20,0x76,0x20,0x34,0x39,0x2e,0x34,
  0x20,0x63,0x20,0x30,0x2c,0x31,0x34,0x2e,0x31,0x20,0x31,0x31,0x2e,0x34,0x2c,0x32,
  0x35,0x2e,0x34,0x20,0x32,0x35,0x2e,0x33,0x2c,0x32,0x35,0x2e,0x34,0x20,0x7a,0x20,
  0x4d,0x20,0x32,0x39,0x37,0x2e,0x36,0x2c,0x33,0x36,0x38,0x20,0x76,0x20,0x34,0x39,
  0x2e,0x34,0x20,0x63,0x20,0x30,0x2c,0x34,0x20,0x2d,0x33,0x2e,0x32,0x2c,0x37,0x2e,
  0x32,0x20,0x2d,0x37,0x2e,0x32,0x2c,0x37,0x2e,0x32,0x20,0x68,0x20,0x2d,0x39,0x31,
  0x2e,0x32,0x20,0x63,0x20,0x2d,0x34,0x2c,0x30,0x20,0x2d,0x37,0x2e,0x32,0x2c,0x2d,
  0x33,0x2e,0x32,0x20,0x2d,0x37,0x2e,0x32,0x2c,0x2d,0x37,0x2e,0x32,0x20,0x56,0x20,
  0x33,0x36,0x38,0x20,0x63,0x20,0x30,0x2c,0x2d,0x34,0x20,0x33,0x2e,0x32,0x2c,0x2d,
  0x37,0x2e,0x32,0x20,0x37,0x2e,0x32,0x2c,0x2d,0x37,0x2e,0x32,0x20,0x68,0x20,0x39,
  0x31,0x2e,0x32,0x20,0x63,0x20,0x34,0x2c,0x30,0x20,0x37,0x2e,0x32,0x2c,0x33,0x2e,
  0x33,0x20,0x37,0x2e,0x32,0x2c,0x37,0x2e,0x32,0x20,0x7a,0x20,0x6d,0x20,0x31,0x37,
  0x33,0x2e,0x39,0x2c,0x30,0x20,0x76,0x20,0x34,0x39,0x2e,0x34,0x20,0x63,0x20,0x30,
  0x2c,0x34,0x20,0x2d,0x33,0x2e,0x32,0x2c,0x37,0x2e,0x32,0x20,0x2d,0x37,0x2e,0x32,
  0x2c,0x37,0x2e,0x32,0x20,0x68,0x20,0x2d,0x39,0x31,0x2e,0x32,0x20,0x63,0x20,0x2d,
  0x34,0x2c,0x30,0x20,0x2d,0x37,0x2e,0x32,0x2c,0x2d,0x33,0x2e,0x32,0x20,0x2d,0x37,
  0x2e,0x32,0x2c,0x2d,0x37,0x2e,0x32,0x20,0x56,0x20,0x33,0x36,0x38,0x20,0x63,0x20,
  0x30,0x2c,0x2d,0x34,0x20,0x33,0x2e,0x32,0x2c,0x2d,0x37,0x2e,0x32,0x20,0x37,0x2e,
  0x32,0x2c,0x2d,0x37,0x2e,0x32,0x20,0x68,0x20,0x39,0x31,0x2e,0x32,0x20,0x63,0x20,
  0x33,0x2e,0x39,0x2c,0x30,0x20,0x37,0x2e,0x32,0x2c,0x33,0x2e,0x33,0x20,0x37,0x2e,
  0x32,0x2c,0x37,0x2e,0x32,0x20,0x7a,0x20,0x4d,0x20,0x31,0x34,0x36,0x2e,0x37,0x2c,
  0x31,0x38,0x37,0x2e,0x37,0x20,0x56,0x20,0x38,0x30,0x2e,0x33,0x20,0x63,0x20,0x30,
  0x2c,0x2d,0x38,0x2e,0x33,0x20,0x36,0x2e,0x38,0x2c,0x2d,0x31,0x35,0x2e,0x31,0x20,
  0x31,0x35,0x2e,0x31,0x2c,0x2d,0x31,0x35,0x2e,0x31,0x20,0x68,0x20,0x31,0x36,0x36,
  0x20,0x63,0x20,0x38,0x2e,0x33,0x2c,0x30,0x20,0x31,0x35,0x2e,0x31,0x2c,0x36,0x2e,
  0x38,0x20,0x31,0x35,0x2e,0x31,0x2c,0x31,0x35,0x2e,0x31,0x20,0x76,0x20,0x31,0x30,
  0x37,0x2e,0x34,0x20,0x63,0x20,0x30,0x2c,0x38,0x2e,0x33,0x20,0x2d,0x36,0x2e,0x38,
  0x2c,0x31,0x35,0x2e,0x31,0x20,0x2d,0x31,0x35,0x2e,0x31,0x2c,0x31,0x35,0x2e,0x31,
  0x20,0x68,0x20,0x2d,0x31,0x36,0x36,0x20,0x63,0x20,0x2d,0x38,0x2e,0x34,0x2c,0x30,
  0x20,0x2d,0x31,0x35,0x2e,0x31,0x2c,0x2d,0x36,0x2e,0x38,0x20,0x2d,0x31,0x35,0x2e,
  0x31,0x2c,0x2d,0x31,0x35,0x2e,0x31,0x20,0x7a,0x20,0x4d,0x20,0x31,0x38,0x2e,0x31,
  0x2c,0x33,0x36,0x38,0x20,0x63,0x20,0x30,0x2c,0x2d,0x34,0x20,0x33,0x2e,0x32,0x2c,
  0x2d,0x37,0x2e,0x32,0x20,0x37,0x2e,0x32,0x2c,0x2d,0x37,0x2e,0x32,0x20,0x68,0x20,
  0x39,0x31,0x2e,0x32,0x20,0x63,0x20,0x34,0x2c,0x30,0x20,0x37,0x2e,0x32,0x2c,0x33,
  0x2e,0x32,0x20,0x37,0x2e,0x32,0x2c,0x37,0x2e,0x32,0x20,0x76,0x20,0x34,0x39,0x2e,
  0x34,0x20,0x63,0x20,0x30,0x2c,0x34,0x20,0x2d,0x33,0x2e,0x32,0x2c,0x37,0x2e,0x32,
  0x20,0x2d,0x37,0x2e,0x32,0x2c,0x37,0x2e,0x32,0x20,0x48,0x20,0x32,0x35,0x2e,0x33,
  0x20,0x63,0x20,0x2d,0x34,0x2c,0x30,0x20,0x2d,0x37,0x2e,0x32,0x2c,0x2d,0x33,0x2e,
  0x32,0x20,0x2d,0x37,0x2e,0x32,0x2c,0x2d,0x37,0x2e,0x32,0x20,0x30,0x2c,0x30,0x20,
  0x30,0x2c,0x2d,0x34,0x39,0x2e,0x34,0x20,0x30,0x2c,0x2d,0x34,0x39,0x2e,0x34,0x20,
  0x7a,0x22,0xa,0x20,0x20,0x20,0x69,0x64,0x3d,0x22,0x70,0x61,0x74,0x68,0x33,0x22,
  0x20,0x2f,0x3e,0xa,0x9,0x9,0x3c,0x70,0x61,0x74,0x68,0xa,0x20,0x20,0x20,0x64,
  0x3d,0x22,0x6d,0x20,0x31,0x39,0x37,0x2e,0x31,0x2c,0x31,0x32,0x32,0x2e,0x31,0x20,
  0x68,0x20,0x39,0x35,0x2e,0x34,0x20,0x63,0x20,0x35,0x2c,0x30,0x20,0x39,0x2e,0x31,
  0x2c,0x2d,0x34,0x2e,0x31,0x20,0x39,0x2e,0x31,0x2c,0x2d,0x39,0x2e,0x31,0x20,0x30,
  0x2c,0x2d,0x35,0x20,0x2d,0x34,0x2e,0x31,0x2c,0x2d,0x39,0x2e,0x31,0x20,0x2d,0x39,
  0x2e,0x31,0x2c,0x2d,0x39,0x2e,0x31,0x20,0x68,0x20,0x2d,0x39,0x35,0x2e,0x34,0x20,
  0x63,0x20,0x2d,0x35,0x2c,0x30,0x20,0x2d,0x39,0x2e,0x31,0x2c,0x34,0x2e,0x31,0x20,
  0x2d,0x39,0x2e,0x31,0x2c,0x39,0x2e,0x31,0x20,0x30,0x2c,0x35,0x20,0x34,0x2e,0x31,
  0x2c,0x39,0x2e,0x31,0x20,0x39,0x2e,0x31,0x2c,0x39,0x2e,0x31,0x20,0x7a,0x22,0xa,
  0x20,0x20,0x20,0x69,0x64,0x3d,0x22,0x70,0x61,0x74,0x68,0x35,0x22,0x20,0x2f,0x3e,
  0xa,0x9,0x9,0x3c,0x70,0x61,0x74,0x68,0xa,0x20,0x20,0x20,0x64,0x3d,0x22,0x6d,
  0x20,0x33,0x30,0x31,0x2e,0x36,0x2c,0x31,0x35,0x34,0x2e,0x39,0x20,0x63,0x20,0x30,
  0x2c,0x2d,0x35,0x20,0x2d,0x34,0x2e,0x31,0x2c,0x2d,0x39,0x2e,0x31,0x20,0x2d,0x39,
  0x2e,0x31,0x2c,0x2d,0x39,0x2e,0x31,0x20,0x68,0x20,0x2d,0x39,0x35,0x2e,0x34,0x20,
  0x63,0x20,0x2d,0x35,0x2c,0x30,0x20,0x2d,0x39,0x2e,0x31,0x2c,0x34,0x2e,0x31,0x20,
  0x2d,0x39,0x2e,0x31,0x2c,0x39,0x2e,0x31,0x20,0x30,0x2c,0x35,0x20,0x34,0x2e,0x31,
  0x2c,0x39,0x2e,0x31,0x20,0x39,0x2e,0x31,0x2c,0x39,0x2e,0x31,0x20,0x68,0x20,0x39,
  0x35,0x2e,0x34,0x20,0x63,0x20,0x35,0x2c,0x30,0x20,0x39,0x2e,0x31,0x2c,0x2d,0x34,
  0x2e,0x31,0x20,0x39,0x2e,0x31,0x2c,0x2d,0x39,0x2e,0x31,0x20,0x7a,0x22,0xa,0x20,
  0x20,0x20,0x69,0x64,0x3d,0x22,0x70,0x61,0x74,0x68,0x37,0x22,0x20,0x2f,0x3e,0xa,
  0x9,0x3c,0x2f,0x67,0x3e,0xa,0x3c,0x2f,0x67,0x3e,0xa,0x3c,0x67,0xa,0x20,0x20,
  0x20,0x69,0x64,0x3d,0x22,0x67,0x31,0x33,0x22,0x3e,0xa,0x3c,0x2f,0x67,0x3e,0xa,
  0x3c,0x67,0xa,0x20,0x20,0x20,0x69,0x64,0x3d,0x22,0x67,0x31,0x35,0x22,0x3e,0xa,
  0x3c,0x2f,0x67,0x3e,0xa,0x3c,0x67,0xa,0x20,0x20,0x20,0x69,0x64,0x3d,0x22,0x67,
  0x31,0x37,0x22,0x3e,0xa,0x3c,0x2f,0x67,0x3e,0xa,0x3c,0x67,0xa,0x20,0x20,0x20,
  0x69,0x64,0x3d,0x22,0x67,0x31,0x39,0x22,0x3e,0xa,0x3c,0x2f,0x67,0x3e,0xa,0x3c,
  0x67,0xa,0x20,0x20,0x20,0x69,0x64,0x3d,0x22,0x67,0x32,0x31,0x22,0x3e,0xa,0x3c,
  0x2f,0x67,0x3e,0xa,0x3c,0x67,0xa,0x20,0x20,0x20,0x69,0x64,0x3d,0x22,0x67,0x32,
  0x33,0x22,0x3e,0xa,0x3c,0x2f,0x67,0x3e,0xa,0x3c,0x67,0xa,0x20,0x20,0x20,0x69,
  0x64,0x3d,0x22,0x67,0x32,0x35,0x22,0x3e,0xa,0x3c,0x2f,0x67,0x3e,0xa,0x3c,0x67,
  0xa,0x20,0x20,0x20,0x69,0x64,0x3d,0x22,0x67,0x32,0x37,0x22,0x3e,0xa,0x3c,0x2f,
  0x67,0x3e,0xa,0x3c,0x67,0xa,0x20,0x20,0x20,0x69,0x64,0x3d,0x22,0x67,0x32,0x39,
  0x22,0x3e,0xa,0x3c,0x2f,0x67,0x3e,0xa,0x3c,0x67,0xa,0x20,0x20,0x20,0x69,0x64,
  0x3d,0x22,0x67,0x33,0x31,0x22,0x3e,0xa,0x3c,0x2f,0x67,0x3e,0xa,0x3c,0x67,0xa,
  0x20,0x20,0x20,0x69,0x64,0x3d,0x22,0x67,0x33,0x33,0x22,0x3e,0xa,0x3c,0x2f,0x67,
  0x3e,0xa,0x3c,0x67,0xa,0x20,0x20,0x20,0x69,0x64,0x3d,0x22,0x67,0x33,0x35,0x22,
  0x3e,0xa,0x3c,0x2f,0x67,0x3e,0xa,0x3c,0x67,0xa,0x20,0x20,0x20,0x69,0x64,0x3d,
  0x22,0x67,0x33,0x37,0x22,0x3e,0xa,0x3c,0x2f,0x67,0x3e,0xa,0x3c,0x67,0xa,0x20,
  0x20,0x20,0x69,0x64,0x3d,0x22,0x67,0x33,0x39,0x22,0x3e,0xa,0x3c,0x2f,0x67,0x3e,
  0xa,0x3c,0x67,0xa,0x20,0x20,0x20,0x69,0x64,0x3d,0x22,0x67,0x34,0x31,0x22,0x3e,
  0xa,0x3c,0x2f,0x67,0x3e,0xa,0xa,0x3c,0x74,0x65,0x78,0x74,0xa,0x20,0x20,0x20,
  0x78,0x6d,0x6c,0x3a,0x73,0x70,0x61,0x63,0x65,0x3d,0x22,0x70,0x72,0x65,0x73,0x65,
  0x72,0x76,0x65,0x22,0xa,0x20,0x20,0x20,0x73,0x74,0x79,0x6c,0x65,0x3d,0x22,0x66,
  0x6f,0x6e,0x74,0x2d,0x73,0x74,0x79,0x6c,0x65,0x3a,0x6e,0x6f,0x72,0x6d,0x61,0x6c,
  0x3b,0x66,0x6f,0x6e,0x74,0x2d,0x77,0x65,0x69,0x67,0x68,0x74,0x3a,0x6e,0x6f,0x72,
  0x6d,0x61,0x6c,0x3b,0x66,0x6f,0x6e,0x74,0x2d,0x73,0x69,0x7a,0x65,0x3a,0x39,0x31,
  0x2e,0x33,0x33,0x34,0x39,0x70,0x78,0x3b,0x6c,0x69,0x6e,0x65,0x2d,0x68,0x65,0x69,
  0x67,0x68,0x74,0x3a,0x31,0x2e,0x32,0x35,0x3b,0x66,0x6f,0x6e,0x74,0x2d,0x66,0x61,
  0x6d,0x69,0x6c,0x79,0x3a,0x73,0x61,0x6e,0x73,0x2d,0x73,0x65,0x72,0x69,0x66,0x3b,
  0x6c,0x65,0x74,0x74,0x65,0x72,0x2d,0x73,0x70,0x61,0x63,0x69,0x6e,0x67,0x3a,0x30,
  0x70,0x78,0x3b,0x77,0x6f,0x72,0x64,0x2d,0x73,0x70,0x61,0x63,0x69,0x6e,0x67,0x3a,
  0x30,0x70,0x78,0x3b,0x66,0x69,0x6c,0x6c,0x3a,0x23,0x30,0x30,0x30,0x30,0x33,0x33,
  0x3b,0x66,0x69,0x6c,0x6c,0x2d,0x6f,0x70,0x61,0x63,0x69,0x74,0x79,0x3a,0x31,0x3b,
  0x73,0x74,0x72,0x6f,0x6b,0x65,0x3a,0x6e,0x6f,0x6e,0x65,0x3b,0x73,0x74,0x72,0x6f,
  0x6b,0x65,0x2d,0x77,0x69,0x64,0x74,0x68,0x3a,0x32,0x2e,0x32,0x38,0x33,0x33,0x37,
  0x22,0xa,0x20,0x20,0x20,0x78,0x3d,0x22,0x33,0x31,0x38,0x2e,0x39,0x35,0x35,0x30,
  0x35,0x22,0xa,0x20,0x20,0x20,0x79,0x3d,0x22,0x33,0x32,0x39,0x2e,0x36,0x31,0x32,
  0x38,0x32,0x22,0xa,0x20,0x20,0x20,0x69,0x64,0x3d,0x22,0x74,0x65,0x78,0x74,0x38,
  0x36,0x30,0x2d,0x33,0x22,0xa,0x20,0x20,0x20,0x74,0x72,0x61,0x6e,0x73,0x66,0x6f,
  0x72,0x6d,0x3d,0x22,0x73,0x63,0x61,0x6c,0x65,0x28,0x30,0x2e,0x37,0x32,0x30,0x37,
  0x36,0x31,0x37,0x31,0x2c,0x31,0x2e,0x33,0x38,0x37,0x34,0x32,0x31,0x31,0x29,0x22,
  0x3e,0x3c,0x74,0x73,0x70,0x61,0x6e,0xa,0x20,0x20,0x20,0x20,0x20,0x73,0x6f,0x64,
  0x69,0x70,0x6f,0x64,0x69,0x3a,0x72,0x6f,0x6c,0x65,0x3d,0x22,0x6c,0x69,0x6e,0x65,
  0x22,0xa,0x20,0x20,0x20,0x20,0x20,0x69,0x64,0x3d,0x22,0x74,0x73,0x70,0x61,0x6e,
  0x38,0x35,0x38,0x2d,0x36,0x22,0xa,0x20,0x20,0x20,0x20,0x20,0x78,0x3d,0x22,0x33,
  0x31,0x38,0x2e,0x39,0x35,0x35,0x30,0x35,0x22,0xa,0x20,0x20,0x20,0x20,0x20,0x79,
  0x3d,0x22,0x33,0x32,0x39,0x2e,0x36,0x31,0x32,0x38,0x32,0x22,0xa,0x20,0x20,0x20,
  0x20,0x20,0x73,0x74,0x79,0x6c,0x65,0x3d,0x22,0x66,0x6f,0x6e,0x74,0x2d,0x73,0x74,
  0x79,0x6c,0x65,0x3a,0x6e,0x6f,0x72,0x6d,0x61,0x6c,0x3b,0x66,0x6f,0x6e,0x74,0x2d,
  0x76,0x61,0x72,0x69,0x61,0x6e,0x74,0x3a,0x6e,0x6f,0x72,0x6d,0x61,0x6c,0x3b,0x66,
  0x6f,0x6e,0x74,0x2d,0x77,0x65,0x69,0x67,0x68,0x74,0x3a,0x62,0x6f,0x6c,0x64,0x3b,
  0x66,0x6f,0x6e,0x74,0x2d,0x73,0x74,0x72,0x65,0x74,0x63,0x68,0x3a,0x6e,0x6f,0x72,
  0x6d,0x61,0x6c,0x3b,0x66,0x6f,0x6e,0x74,0x2d,0x66,0x61,0x6d,0x69,0x6c,0x79,0x3a,
  0x73,0x61,0x6e,0x73,0x2d,0x73,0x65,0x72,0x69,0x66,0x3b,0x2d,0x69,0x6e,0x6b,0x73,
  0x63,0x61,0x70,0x65,0x2d,0x66,0x6f,0x6e,0x74,0x2d,0x73,0x70,0x65,0x63,0x69,0x66,
  0x69,0x63,0x61,0x74,0x69,0x6f,0x6e,0x3a,0x27,0x73,0x61,0x6e,0x73,0x2d,0x73,0x65,
  0x72,0x69,0x66,0x20,0x42,0x6f,0x6c,0x64,0x27,0x3b,0x66,0x69,0x6c,0x6c,0x3a,0x23,
  0x30,0x30,0x30,0x30,0x33,0x33,0x3b,0x73,0x74,0x72,0x6f,0x6b,0x65,0x2d,0x77,0x69,
  0x64,0x74,0x68,0x3a,0x32,0x2e,0x32,0x38,0x33,0x33,0x37,0x22,0x3e,0x3f,0x3c,0x2f,
  0x74,0x73,0x70,0x61,0x6e,0x3e,0x3c,0x2f,0x74,0x65,0x78,0x74,0x3e,0xa,0xa,0x3c,
  0x2f,0x73,0x76,0x67,0x3e,0xa,
    // /home/etapadmin/Masaüstü/ulakshare/ulakshare-server/icons/senddesktop.svg
  0x0,0x0,0x12,0x4e,
  0x3c,
  0x3f,0x78,0x6d,0x6c,0x20,0x76,0x65,0x72,0x73,0x69,0x6f,0x6e,0x3d,0x22,0x31,0x2e,
  0x30,0x22,0x20,0x65,0x6e,0x63,0x6f,0x64,0x69,0x6e,0x67,0x3d,0x22,0x55,0x54,0x46,
  0x2d,0x38,0x22,0x20,0x73,0x74,0x61,0x6e,0x64,0x61,0x6c,0x6f,0x6e,0x65,0x3d,0x22,
  0x6e,0x6f,0x22,0x3f,0x3e,0xa,0x3c,0x21,0x2d,0x2d,0x20,0x47,0x65,0x6e,0x65,0x72,
  0x61,0x74,0x6f,0x72,0x3a,0x20,0x41,0x64,0x6f,0x62,0x65,0x20,0x49,0x6c,0x6c,0x75,
  0x73,0x74,0x72,0x61,0x74,0x6f,0x72,0x20,0x31,0x39,0x2e,0x30,0x2e,0x30,0x2c,0x20,
  0x53,0x56,0x47,0x20,0x45,0x78,0x70,0x6f,0x72,0x74,0x20,0x50,0x6c,0x75,0x67,0x2d,
  0x49,0x6e,0x20,0x2e,0x20,0x53,0x56,0x47,0x20,0x56,0x65,0x72,0x73,0x69,0x6f,0x6e,
  0x3a,0x20,0x36,0x2e,0x30,0x30,0x20,0x42,0x75,0x69,0x6c,0x64,0x20,0x30,0x29,0x20,
  0x20,0x2d,0x2d,0x3e,0xa,0xa,0x3c,0x73,0x76,0x67,0xa,0x20,0x20,0x20,0x76,0x65,
  0x72,0x73,0x69,0x6f,0x6e,0x3d,0x22,0x31,0x2e,0x31,0x22,0xa,0x20,0x20,0x20,0x69,
  0x64,0x3d,0x22,0x4c,0x61,0x79,0x65,0x72,0x5f,0x31,0x22,0xa,0x20,0x20,0x20,0x78,
  0x3d,0x22,0x30,0x70,0x78,0x22,0xa,0x20,0x20,0x20,0x79,0x3d,0x22,0x30,0x70,0x78,
  0x22,0xa,0x20,0x20,0x20,0x76,0x69,0x65,0x77,0x42,0x6f,0x78,0x3d,0x22,0x30,0x20,
  0x30,0x20,0x34,0x38,0x39,0x2e,0x38,0x20,0x34,0x38,0x39,0x2e,0x38,0x22,0xa,0x20,
  0x20,0x20,0x73,0x74,0x79,0x6c,0x65,0x3d,0x22,0x65,0x6e,0x61,0x62,0x6c,0x65,0x2d,
  0x62,0x61,0x63,0x6b,0x67,0x72,0x6f,0x75,0x6e,0x64,0x3a,0x6e,0x65,0x77,0x20,0x30,
  0x20,0x30,0x20,0x34,0x38,0x39,0x2e,0x38,0x20,0x34,0x38,0x39,0x2e,0x38,0x3b,0x22,
  0xa,0x20,0x20,0x20,0x78,0x6d,0x6c,0x3a,0x73,0x70,0x61,0x63,0x65,0x3d,0x22,0x70,
  0x72,0x65,0x73,0x65,0x72,0x76,0x65,0x22,0xa,0x20,0x20,0x20,0x73,0x6f,0x64,0x69,
  0x70,0x6f,0x64,0x69,0x3a,0x64,0x6f,0x63,0x6e,0x61,0x6d,0x65,0x3d,0x22,0x73,0x65,
  0x6e,0x64,0x64,0x65,0x73,0x6b,0x74,0x6f,0x70,0x66,0x69,0x6c,0x65,0x2e,0x73,0x76,
  0x67,0x22,0xa,0x20,0x20,0x20,0x69,0x6e,0x6b,0x73,0x63,0x61,0x70,0x65,0x3a,0x76,
  0x65,0x72,0x73,0x69,0x6f,0x6e,0x3d,0x22,0x31,0x2e,0x32,0x2e,0x32,0x20,0x28,0x62,
  0x30,0x61,0x38,0x34,0x38,0x36,0x35,0x34,0x31,0x2c,0x20,0x32,0x30,0x32,0x32,0x2d,
  0x31,0x32,0x2d,0x30,0x31,0x29,0x22,0xa,0x20,0x20,0x20,0x78,0x6d,0x6c,0x6e,0x73,
  0x3a,0x69,0x6e,0x6b,0x73,0x63,0x61,0x70,0x65,0x3d,0x22,0x68,0x74,0x74,0x70,0x3a,
  0x2f,0x2f,0x77,0x77,0x77,0x2e,0x69,0x6e,0x6b,0x73,0x63,0x61,0x70,0x65,0x2e,0x6f,
  0x72,0x67,0x2f,0x6e,0x61,0x6d,0x65,0x73,0x70,0x61,0x63,0x65,0x73,0x2f,0x69,0x6e,
  0x6b,0x73,0x63,0x61,0x70,0x65,0x22,0xa,0x20,0x20,0x20,0x78,0x6d,0x6c,0x6e,0x73,
  0x3a,0x73,0x6f,0x64,0x69,0x70,0x6f,0x64,0x69,0x3d,0x22,0x68,0x74,0x74,0x70,0x3a,
  0x2f,0x2f,0x73,0x6f,0x64,0x69,0x70,0x6f,0x64,0x69,0x2e,0x73,0x6f,0x75,0x72,0x63,
  0x65,0x66,0x6f,0x72,0x67,0x65,0x2e,0x6e,0x65,0x74,0x2f,0x44,0x54,0x44,0x2f,0x73,
  0x6f,0x64,0x69,0x70,0x6f,0x64,0x69,0x2d,0x30,0x2e,0x64,0x74,0x64,0x22,0xa,0x20,
  0x20,0x20,0x78,0x6d,0x6c,0x6e,0x73,0x3d,0x22,0x68,0x74,0x74,0x70,0x3a,0x2f,0x2f,
  0x77,0x77,0x77,0x2e,0x77,0x33,0x2e,0x6f,0x72,0x67,0x2f,0x32,0x30,0x30,0x30,0x2f,
  0x73,0x76,0x67,0x22,0xa,0x20,0x20,0x20,0x78,0x6d,0x6c,0x6e,0x73,0x3a,0x73,0x76,
  0x67,0x3d,0x22,0x68,0x74,0x74,0x70,0x3a,0x2f,0x2f,0x77,0x77,0x77,0x2e,0x77,0x33,
  0x2e,0x6f,0x72,0x67,0x2f,0x32,0x30,0x30,0x30,0x2f,0x73,0x76,0x67,0x22,0xa,0x20,
  0x20,0x20,0x78,0x6d,0x6c,0x6e,0x73,0x3a,0x72,0x64,0x66,0x3d,0x22,0x68,0x74,0x74,
  0x70,0x3a,0x2f,0x2f,0x77,0x77,0x77,0x2e,0x77,0x33,0x2e,0x6f,0x72,0x67,0x2f,0x31,
  0x39,0x39,0x39,0x2f,0x30,0x32,0x2f,0x32,0x32,0x2d,0x72,0x64,0x66,0x2d,0x73,0x79,
  0x6e,0x74,0x61,0x78,0x2d,0x6e,0x73,0x23,0x22,0xa,0x20,0x20,0x20,0x78,0x6d,0x6c,
  0x6e,0x73,0x3a,0x63,0x63,0x3d,0x22,0x68,0x74,0x74,0x70,0x3a,0x2f,0x2f,0x63,0x72,
  0x65,0x61,0x74,0x69,0x76,0x65,0x63,0x6f,0x6d,0x6d,0x6f,0x6e,0x73,0x2e,0x6f,0x72,
  0x67,0x2f,0x6e,0x73,0x23,0x22,0xa,0x20,0x20,0x20,0x78,0x6d,0x6c,0x6e,0x73,0x3a,
  0x64,0x63,0x3d,0x22,0x68,0x74,0x74,0x70,0x3a,0x2f,0x2f,0x70,0x75,0x72,0x6c,0x2e,
  0x6f,0x72,0x67,0x2f,0x64,0x63,0x2f,0x65,0x6c,0x65,0x6d,0x65,0x6e,0x74,0x73,0x2f,
  0x31,0x2e,0x31,0x2f,0x22,0x3e,0x3c,0x6d,0x65,0x74,0x61,0x64,0x61,0x74,0x61,0xa,
  0x20,0x20,0x20,0x69,0x64,0x3d,0x22,0x6d,0x65,0x74,0x61,0x64,0x61,0x74,0x61,0x34,
  0x38,0x22,0x3e,0x3c,0x72,0x64,0x66,0x3a,0x52,0x44,0x46,0x3e,0x3c,0x63,0x63,0x3a,
  0x57,0x6f,0x72,0x6b,0xa,0x20,0x20,0x20,0x20,0x20,0x20,0x20,0x72,0x64,0x66,0x3a,
  0x61,0x62,0x6f,0x75,0x74,0x3d,0x22,0x22,0x3e,0x3c,0x64,0x63,0x3a,0x66,0x6f,0x72,
  0x6d,0x61,0x74,0x3e,0x69,0x6d,0x61,0x67,0x65,0x2f,0x73,0x76,0x67,0x2b,0x78,0x6d,
  0x6c,0x3c,0x2f,0x64,0x63,0x3a,0x66,0x6f,0x72,0x6d,0x61,0x74,0x3e,0x3c,0x64,0x63,
  0x3a,0x74,0x79,0x70,0x65,0xa,0x20,0x20,0x20,0x20,0x20,0x20,0x20,0x20,0x20,0x72,
  0x64,0x66,0x3a,0x72,0x65,0x73,0x6f,0x75,0x72,0x63,0x65,0x3d,0x22,0x68,0x74,0x74,
  0x70,0x3a,0x2f,0x2f,0x70,0x75,0x72,0x6c,0x2e,0x6f,0x72,0x67,0x2f,0x64,0x63,0x2f,
  0x64,0x63,0x6d,0x69,0x74,0x79,0x70,0x65,0x2f,0x53,0x74,0x69,0x6c,0x6c,0x49,0x6d,
  0x61,0x67,0x65,0x22,0x20,0x2f,0x3e,0x3c,0x64,0x63,0x3a,0x74,0x69,0x74,0x6c,0x65,
  0x20,0x2f,0x3e,0x3c,0x2f,0x63,0x63,0x3a,0x57,0x6f,0x72,0x6b,0x3e,0x3c,0x2f,0x72,
  0x64,0x66,0x3a,0x52,0x44,0x46,0x3e,0x3c,0x2f,0x6d,0x65,0x74,0x61,0x64,0x61,0x74,
  0x61,0x3e,0x3c,0x64,0x65,0x66,0x73,0xa,0x20,0x20,0x20,0x69,0x64,0x3d,0x22,0x64,
  0x65,0x66,0x73,0x34,0x36,0x22,0x20,0x2f,0x3e,0x3c,0x73,0x6f,0x64,0x69,0x70,0x6f,
  0x64,0x69,0x3a,0x6e,0x61,0x6d,0x65,0x64,0x76,0x69,0x65,0x77,0xa,0x20,0x20,0x20,
  0x70,0x61,0x67,0x65,0x63,0x6f,0x6c,0x6f,0x72,0x3d,0x22,0x23,0x66,0x66,0x66,0x66,
  0x66,0x66,0x22,0xa,0x20,0x20,0x20,0x62,0x6f,0x72,0x64,0x65,0x72,0x63,0x6f,0x6c,
  0x6f,0x72,0x3d,0x22,0x23,0x36,0x36,0x36,0x36,0x36,0x36,0x22,0xa,0x20,0x20,0x20,
  0x62,0x6f,0x72,0x64,0x65,0x72,0x6f,0x70,0x61,0x63,0x69,0x74,0x79,0x3d,0x22,0x31,
  0x22,0xa,0x20,0x20,0x20,0x6f,0x62,0x6a,0x65,0x63,0x74,0x74,0x6f,0x6c,0x65,0x72,
  0x61,0x6e,0x63,0x65,0x3d,0x22,0x31,0x30,0x22,0xa,0x20,0x20,0x20,0x67,0x72,0x69,
  0x64,0x74,0x6f,0x6c,0x65,0x72,0x61,0x6e,0x63,0x65,0x3d,0x22,0x31,0x30,0x22,0xa,
  0x20,0x20,0x20,0x67,0x75,0x69,0x64,0x65,0x74,0x6f,0x6c,0x65,0x72,0x61,0x6e,0x63,
  0x65,0x3d,0x22,0x31,0x30,0x22,0xa,0x20,0x20,0x20,0x69,0x6e,0x6b,0x73,0x63,0x61,
  0x70,0x65,0x3a,0x70,0x61,0x67,0x65,0x6f,0x70,0x61,0x63,0x69,0x74,0x79,0x3d,0x22,
  0x30,0x22,0xa,0x20,0x20,0x20,0x69,0x6e,0x6b,0x73,0x63,0x61,0x70,0x65,0x3a,0x70,
  0x61,0x67,0x65,0x73,0x68,0x61,0x64,0x6f,0x77,0x3d,0x22,0x32,0x22,0xa,0x20,0x20,
  0x20,0x69,0x6e,0x6b,0x73,0x63,0x61,0x70,0x65,0x3a,0x77,0x69,0x6e,0x64,0x6f,0x77,
  0x2d,0x77,0x69,0x64,0x74,0x68,0x3d,0x22,0x31,0x33,0x36,0x36,0x22,0xa,0x20,0x20,
  0x20,0x69,0x6e,0x6b,0x73,0x63,0x61,0x70,0x65,0x3a,0x77,0x69,0x6e,0x64,0x6f,0x77,
  0x2d,0x68,0x65,0x69,0x67,0x68,0x74,0x3d,0x22,0x36,0x36,0x37,0x22,0xa,0x20,0x20,
  0x20,0x69,0x64,0x3d,0x22,0x6e,0x61,0x6d,0x65,0x64,0x76,0x69,0x65,0x77,0x34,0x34,
  0x22,0xa,0x20,0x20,0x20,0x73,0x68,0x6f,0x77,0x67,0x72,0x69,0x64,0x3d,0x22,0x66,
  0x61,0x6c,0x73,0x65,0x22,0xa,0x20,0x20,0x20,0x69,0x6e,0x6b,0x73,0x63,0x61,0x70,
  0x65,0x3a,0x7a,0x6f,0x6f,0x6d,0x3d,0x22,0x30,0x2e,0x34,0x38,0x31,0x38,0x32,0x39,
  0x33,0x33,0x22,0xa,0x20,0x20,0x20,0x69,0x6e,0x6b,0x73,0x63,0x61,0x70,0x65,0x3a,
  0x63,0x78,0x3d,0x22,0x32,0x33,0x34,0x2e,0x35,0x32,0x32,0x38,0x38,0x22,0xa,0x20,
  0x20,0x20,0x69,0x6e,0x6b,0x73,0x63,0x61,0x70,0x65,0x3a,0x63,0x79,0x3d,0x22,0x32,
  0x34,0x34,0x2e,0x38,0x39,0x39,0x39,0x39,0x22,0xa,0x20,0x20,0x20,0x69,0x6e,0x6b,
  0x73,0x63,0x61,0x70,0x65,0x3a,0x77,0x69,0x6e,0x64,0x6f,0x77,0x2d,0x78,0x3d,0x22,
  0x30,0x22,0xa,0x20,0x20,0x20,0x69,0x6e,0x6b,0x73,0x63,0x61,0x70,0x65,0x3a,0x77,
  0x69,0x6e,0x64,0x6f,0x77,0x2d,0x79,0x3d,0x22,0x30,0x22,0xa,0x20,0x20,0x20,0x69,
  0x6e,0x6b,0x73,0x63,0x61,0x70,0x65,0x3a,0x77,0x69,0x6e,0x64,0x6f,0x77,0x2d,0x6d,
  0x61,0x78,0x69,0x6d,0x69,0x7a,0x65,0x64,0x3d,0x22,0x31,0x22,0xa,0x20,0x20,0x20,
  0x69,0x6e,0x6b,0x73,0x63,0x61,0x70,0x65,0x3a,0x63,0x75,0x72,0x72,0x65,0x6e,0x74,
  0x2d,0x6c,0x61,0x79,0x65,0x72,0x3d,0x22,0x4c,0x61,0x79,0x65,0x72,0x5f,0x31,0x22,
  0xa,0x20,0x20,0x20,0x69,0x6e,0x6b,0x73,0x63,0x61,0x70,0x65,0x3a,0x73,0x68,0x6f,
  0x77,0x70,0x61,0x67,0x65,0x73,0x68,0x61,0x64,0x6f,0x77,0x3d,0x22,0x32,0x22,0xa,
  0x20,0x20,0x20,0x69,0x6e,0x6b,0x73,0x63,0x61,0x70,0x65,0x3a,0x70,0x61,0x67,0x65,
  0x63,0x68,0x65,0x63,0x6b,0x65,0x72,0x62,0x6f,0x61,0x72,0x64,0x3d,0x22,0x30,0x22,
  0xa,0x20,0x20,0x20,0x69,0x6e,0x6b,0x73,0x63,0x61,0x70,0x65,0x3a,0x64,0x65,0x73,
  0x6b,0x63,0x6f,0x6c,0x6f,0x72,0x3d,0x22,0x23,0x64,0x31,0x64,0x31,0x64,0x31,0x22,
  0x20,0x2f,0x3e,0xa,0x3c,0x67,0xa,0x20,0x20,0x20,0x69,0x64,0x3d,0x22,0x67,0x31,
  0x31,0x22,0xa,0x20,0x20,0x20,0x74,0x72,0x61,0x6e,0x73,0x66,0x6f,0x72,0x6d,0x3d,
  0x22,0x6d,0x61,0x74,0x72,0x69,0x78,0x28,0x30,0x2e,0x38,0x39,0x38,0x33,0x30,0x35,
  0x30,0x39,0x2c,0x30,0x2c,0x30,0x2c,0x30,0x2e,0x37,0x39,0x30,0x31,0x34,0x39,0x33,
  0x2c,0x32,0x34,0x2e,0x39,0x30,0x35,0x30,0x37,0x37,0x2c,0x2d,0x31,0x30,0x2e,0x38,
  0x37,0x30,0x32,0x38,0x29,0x22,0x3e,0xa,0x9,0x3c,0x67,0xa,0x20,0x20,0x20,0x69,
  0x64,0x3d,0x22,0x67,0x39,0x22,0x3e,0xa,0x9,0x9,0x3c,0x70,0x61,0x74,0x68,0xa,
  0x20,0x20,0x20,0x69,0x64,0x3d,0x22,0x58,0x4d,0x4c,0x49,0x44,0x5f,0x32,0x30,0x34,
  0x39,0x5f,0x22,0xa,0x20,0x20,0x20,0x73,0x74,0x79,0x6c,0x65,0x3d,0x22,0x66,0x69,
  0x6c,0x6c,0x3a,0x23,0x33,0x63,0x39,0x32,0x63,0x61,0x22,0xa,0x20,0x20,0x20,0x64,
  0x3d,0x22,0x4d,0x20,0x33,0x34,0x30,0x2c,0x32,0x31,0x31,0x2e,0x39,0x20,0x48,0x20,
  0x31,0x34,0x39,0x2e,0x36,0x20,0x63,0x20,0x2d,0x36,0x2e,0x36,0x2c,0x30,0x20,0x2d,
  0x31,0x32,0x2c,0x2d,0x35,0x2e,0x34,0x20,0x2d,0x31,0x32,0x2c,0x2d,0x31,0x32,0x20,
  0x56,0x20,0x36,0x38,0x2e,0x31,0x20,0x63,0x20,0x30,0x2c,0x2d,0x36,0x2e,0x36,0x20,
  0x35,0x2e,0x34,0x2c,0x2d,0x31,0x32,0x20,0x31,0x32,0x2c,0x2d,0x31,0x32,0x20,0x48,
  0x20,0x33,0x34,0x30,0x20,0x63,0x20,0x36,0x2e,0x36,0x2c,0x30,0x20,0x31,0x32,0x2c,
  0x35,0x2e,0x34,0x20,0x31,0x32,0x2c,0x31,0x32,0x20,0x76,0x20,0x31,0x33,0x31,0x2e,
  0x38,0x20,0x63,0x20,0x30,0x2c,0x36,0x2e,0x36,0x20,0x2d,0x35,0x2e,0x34,0x2c,0x31,
  0x32,0x20,0x2d,0x31,0x32,0x2c,0x31,0x32,0x20,0x7a,0x22,0x20,0x2f,0x3e,0xa,0x9,
  0x9,0x3c,0x70,0x61,0x74,0x68,0xa,0x20,0x20,0x20,0x64,0x3d,0x22,0x6d,0x20,0x32,
  0x35,0x2e,0x33,0x2c,0x34,0x34,0x32,0x2e,0x37,0x20,0x68,0x20,0x39,0x31,0x2e,0x32,
  0x20,0x63,0x20,0x31,0x34,0x2c,0x30,0x20,0x32,0x35,0x2e,0x33,0x2c,0x2d,0x31,0x31,
  0x2e,0x34,0x20,0x32,0x35,0x2e,0x33,0x2c,0x2d,0x32,0x35,0x2e,0x33,0x20,0x56,0x20,
  0x33,0x36,0x38,0x20,0x63,0x20,0x30,0x2c,0x2d,0x31,0x34,0x20,0x2d,0x31,0x31,0x2e,
  0x34,0x2c,0x2d,0x32,0x35,0x2e,0x33,0x20,0x2d,0x32,0x35,0x2e,0x33,0x2c,0x2d,0x32,
  0x35,0x2e,0x33,0x20,0x48,0x20,0x38,0x30,0x20,0x56,0x20,0x33,0x30,0x30,0x20,0x63,
  0x20,0x30,0x2c,0x2d,0x37,0x2e,0x35,0x20,0x36,0x2e,0x31,0x2c,0x2d,0x31,0x33,0x2e,
  0x37,0x20,0x31,0x33,0x2e,0x37,0x2c,0x2d,0x31,0x33,0x2e,0x37,0x20,0x68,0x20,0x31,
  0x34,0x32,0x2e,0x31,0x20,0x76,0x20,0x35,0x36,0x2e,0x34,0x20,0x68,0x20,0x2d,0x33,
  0x36,0x2e,0x35,0x20,0x63,0x20,0x2d,0x31,0x34,0x2c,0x30,0x20,0x2d,0x32,0x35,0x2e,
  0x33,0x2c,0x31,0x31,0x2e,0x34,0x20,0x2d,0x32,0x35,0x2e,0x33,0x2c,0x32,0x35,0x2e,
  0x33,0x20,0x76,0x20,0x34,0x39,0x2e,0x34,0x20,0x63,0x20,0x30,0x2c,0x31,0x34,0x20,
  0x31,0x31,0x2e,0x34,0x2c,0x32,0x35,0x2e,0x33,0x20,0x32,0x35,0x2e,0x33,0x2c,0x32,
  0x35,0x2e,0x33,0x20,0x68,0x20,0x39,0x31,0x2e,0x32,0x20,0x63,0x20,0x31,0x34,0x2c,
  0x30,0x20,0x32,0x35,0x2e,0x33,0x2c,0x2d,0x31,0x31,0x2e,0x34,0x20,0x32,0x35,0x2e,
  0x33,0x2c,0x2d,0x32,0x35,0x2e,0x33,0x20,0x56,0x20,0x33,0x36,0x38,0x20,0x63,0x20,
  0x30,0x2c,0x2d,0x31,0x34,0x20,0x2d,0x31,0x31,0x2e,0x34,0x2c,0x2d,0x32,0x35,0x2e,
  0x33,0x20,0x2d,0x32,0x35,0x2e,0x33,0x2c,0x2d,0x32,0x35,0x2e,0x33,0x20,0x48,0x20,
  0x32,0x35,0x34,0x20,0x76,0x20,0x2d,0x35,0x36,0x2e,0x34,0x20,0x68,0x20,0x31,0x34,
  0x32,0x2e,0x31,0x20,0x63,0x20,0x37,0x2e,0x35,0x2c,0x30,0x20,0x31,0x33,0x2e,0x37,
  0x2c,0x36,0x2e,0x31,0x20,0x31,0x33,0x2e,0x37,0x2c,0x31,0x33,0x2e,0x37,0x20,0x76,
  0x20,0x34,0x32,0x2e,0x37,0x20,0x68,0x20,0x2d,0x33,0x36,0x2e,0x35,0x20,0x63,0x20,
  0x2d,0x31,0x34,0x2c,0x30,0x20,0x2d,0x32,0x35,0x2e,0x33,0x2c,0x31,0x31,0x2e,0x34,
  0x20,0x2d,0x32,0x35,0x2e,0x33,0x2c,0x32,0x35,0x2e,0x33,0x20,0x76,0x20,0x34,0x39,
  0x2e,0x34,0x20,0x63,0x20,0x30,0x2c,0x31,0x34,0x20,0x31,0x31,0x2e,0x34,0x2c,0x32,
  0x35,0x2e,0x33,0x20,0x32,0x35,0x2e,0x33,0x2c,0x32,0x35,0x2e,0x33,0x20,0x68,0x20,
  0x39,0x31,0x2e,0x32,0x20,0x63,0x20,0x31,0x34,0x2c,0x30,0x20,0x32,0x35,0x2e,0x33,
  0x2c,0x2d,0x31,0x31,0x2e,0x34,0x20,0x32,0x35,0x2e,0x33,0x2c,0x2d,0x32,0x35,0x2e,
  0x33,0x20,0x56,0x20,0x33,0x36,0x38,0x20,0x63,0x20,0x30,0x2c,0x2d,0x31,0x34,0x20,
  0x2d,0x31,0x31,0x2e,0x34,0x2c,0x2d,0x32,0x35,0x2e,0x33,0x20,0x2d,0x32,0x35,0x2e,
  0x33,0x2c,0x2d,0x32,0x35,0x2e,0x33,0x20,0x48,0x20,0x34,0x32,0x38,0x20,0x56,0x20,
  0x33,0x30,0x30,0x20,0x63,0x20,0x30,0x2c,0x2d,0x31,0x37,0x2e,0x35,0x20,0x2d,0x31,
  0x34,0x2e,0x33,0x2c,0x2d,0x33,0x31,0x2e,0x38,0x20,0x2d,0x33,0x31,0x2e,0x38,0x2c,
  0x2d,0x33,0x31,0x2e,0x38,0x20,0x48,0x20,0x32,0x35,0x33,0x2e,0x39,0x20,0x76,0x20,
  0x2d,0x34,0x37,0x2e,0x33,0x20,0x68,0x20,0x37,0x34,0x20,0x63,0x20,0x31,0x38,0x2e,
  0x33,0x2c,0x30,0x20,0x33,0x33,0x2e,0x32,0x2c,0x2d,0x31,0x34,0x2e,0x39,0x20,0x33,
  0x33,0x2e,0x32,0x2c,0x2d,0x33,0x33,0x2e,0x32,0x20,0x56,0x20,0x38,0x30,0x2e,0x33,
  0x20,0x43,0x20,0x33,0x36,0x31,0x2e,0x31,0x2c,0x36,0x32,0x20,0x33,0x34,0x36,0x2e,
  0x32,0x2c,0x34,0x37,0x2e,0x31,0x20,0x33,0x32,0x37,0x2e,0x39,0x2c,0x34,0x37,0x2e,
  0x31,0x20,0x48,0x20,0x31,0x36,0x31,0x2e,0x38,0x20,0x63,0x20,0x2d,0x31,0x38,0x2e,
  0x33,0x2c,0x30,0x20,0x2d,0x33,0x33,0x2e,0x32,0x2c,0x31,0x34,0x2e,0x39,0x20,0x2d,
  0x33,0x33,0x2e,0x32,0x2c,0x33,0x33,0x2e,0x32,0x20,0x76,0x20,0x31,0x30,0x37,0x2e,
  0x34,0x20,0x63,0x20,0x30,0x2c,0x31,0x38,0x2e,0x33,0x20,0x31,0x34,0x2e,0x39,0x2c,
  0x33,0x33,0x2e,0x32,0x20,0x33,0x33,0x2e,0x32,0x2c,0x33,0x33,0x2e,0x32,0x20,0x68,
  0x20,0x37,0x34,0x20,0x76,0x20,0x34,0x37,0x2e,0x32,0x20,0x48,0x20,0x39,0x33,0x2e,
  0x37,0x20,0x63,0x20,0x2d,0x31,0x37,0x2e,0x35,0x2c,0x30,0x20,0x2d,0x33,0x31,0x2e,
  0x38,0x2c,0x31,0x34,0x2e,0x33,0x20,0x2d,0x33,0x31,0x2e,0x38,0x2c,0x33,0x31,0x2e,
  0x38,0x20,0x76,0x20,0x34,0x32,0x2e,0x37,0x20,0x48,0x20,0x32,0x35,0x2e,0x33,0x20,
  0x43,0x20,0x31,0x31,0x2e,0x33,0x2c,0x33,0x34,0x32,0x2e,0x36,0x20,0x30,0x2c,0x33,
  0x35,0x34,0x20,0x30,0x2c,0x33,0x36,0x37,0x2e,0x39,0x20,0x76,0x20,0x34,0x39,0x2e,
  0x34,0x20,0x63,0x20,0x30,0x2c,0x31,0x34,0x2e,0x31,0x20,0x31,0x31,0x2e,0x34,0x2c,
  0x32,0x35,0x2e,0x34,0x20,0x32,0x35,0x2e,0x33,0x2c,0x32,0x35,0x2e,0x34,0x20,0x7a,
  0x20,0x4d,0x20,0x32,0x39,0x37,0x2e,0x36,0x2c,0x33,0x36,0x38,0x20,0x76,0x20,0x34,
  0x39,0x2e,0x34,0x20,0x63,0x20,0x30,0x2c,0x34,0x20,0x2d,0x33,0x2e,0x32,0x2c,0x37,
  0x2e,0x32,0x20,0x2d,0x37,0x2e,0x32,0x2c,0x37,0x2e,0x32,0x20,0x68,0x20,0x2d,0x39,
  0x31,0x2e,0x32,0x20,0x63,0x20,0x2d,0x34,0x2c,0x30,0x20,0x2d,0x37,0x2e,0x32,0x2c,
  0x2d,0x33,0x2e,0x32,0x20,0x2d,0x37,0x2e,0x32,0x2c,0x2d,0x37,0x2e,0x32,0x20,0x56,
  0x20,0x33,0x36,0x38,0x20,0x63,0x20,0x30,0x2c,0x2d,0x34,0x20,0x33,0x2e,0x32,0x2c,
  0x2d,0x37,0x2e,0x32,0x20,0x37,0x2e,0x32,0x2c,0x2d,0x37,0x2e,0x32,0x20,0x68,0x20,
  0x39,0x31,0x2e,0x32,0x20,0x63,0x20,0x34,0x2c,0x30,0x20,0x37,0x2e,0x32,0x2c,0x33,
  0x2e,0x33,0x20,0x37,0x2e,0x32,0x2c,0x37,0x2e,0x32,0x20,0x7a,0x20,0x6d,0x20,0x31,
  0x37,0x33,0x2e,0x39,0x2c,0x30,0x20,0x76,0x20,0x34,0x39,0x2e,0x34,0x20,0x63,0x20,
  0x30,0x2c,0x34,0x20,0x2d,0x33,0x2e,0x32,0x2c,0x37,0x2e,0x32,0x20,0x2d,0x37,0x2e,
  0x32,0x2c,0x37,0x2e,0x32,0x20,0x68,0x20,0x2d,0x39,0x31,0x2e,0x32,0x20,0x63,0x20,
  0x2d,0x34,0x2c,0x30,0x20,0x2d,0x37,0x2e,0x32,0x2c,0x2d,0x33,0x2e,0x32,0x20,0x2d,
  0x37,0x2e,0x32,0x2c,0x2d,0x37,0x2e,0x32,0x20,0x56,0x20,0x33,0x36,0x38,0x20,0x63,
  0x20,0x30,0x2c,0x2d,0x34,0x20,0x33,0x2e,0x32,0x2c,0x2d,0x37,0x2e,0x32,0x20,0x37,
  0x2e,0x32,0x2c,0x2d,0x37,0x2e,0x32,0x20,0x68,0x20,0x39,0x31,0x2e,0x32,0x20,0x63,
  0x20,0x33,0x2e,0x39,0x2c,0x30,0x20,0x37,0x2e,0x32,0x2c,0x33,0x2e,0x33,0x20,0x37,
  0x2e,0x32,0x2c,0x37,0x2e,0x32,0x20,0x7a,0x20,0x4d,0x20,0x31,0x34,0x36,0x2e,0x37,
  0x2c,0x31,0x38,0x37,0x2e,0x37,0x20,0x56,0x20,0x38,0x30,0x2e,0x33,0x20,0x63,0x20,
  0x30,0x2c,0x2d,0x38,0x2e,0x33,0x20,0x36,0x2e,0x38,0x2c,0x2d,0x31,0x35,0x2e,0x31,
  0x20,0x31,0x35,0x2e,0x31,0x2c,0x2d,0x31,0x35,0x2e,0x31,0x20,0x68,0x20,0x31,0x36,
  0x36,0x20,0x63,0x20,0x38,0x2e,0x33,0x2c,0x30,0x20,0x31,0x35,0x2e,0x31,0x2c,0x36,
  0x2e,0x38,0x20,0x31,0x35,0x2e,0x31,0x2c,0x31,0x35,0x2e,0x31,0x20,0x76,0x20,0x31,
  0x30,0x37,0x2e,0x34,0x20,0x63,0x20,0x30,0x2c,0x38,0x2e,0x33,0x20,0x2d,0x36,0x2e,
  0x38,0x2c,0x31,0x35,0x2e,0x31,0x20,0x2d,0x31,0x35,0x2e,0x31,0x2c,0x31,0x35,0x2e,
  0x31,0x20,0x68,0x20,0x2d,0x31,0x36,0x36,0x20,0x63,0x20,0x2d,0x38,0x2e,0x34,0x2c,
  0x30,0x20,0x2d,0x31,0x35,0x2e,0x31,0x2c,0x2d,0x36,0x2e,0x38,0x20,0x2d,0x31,0x35,
  0x2e,0x31,0x2c,0x2d,0x31,0x35,0x2e,0x31,0x20,0x7a,0x20,0x4d,0x20,0x31,0x38,0x2e,
  0x31,0x2c,0x33,0x36,0x38,0x20,0x63,0x20,0x30,0x2c,0x2d,0x34,0x20,0x33,0x2e,0x32,
  0x2c,0x2d,0x37,0x2e,0x32,0x20,0x37,0x2e,0x32,0x2c,0x2d,0x37,0x2e,0x32,0x20,0x68,
  0x20,0x39,0x31,0x2e,0x32,0x20,0x63,0x20,0x34,0x2c,0x30,0x20,0x37,0x2e,0x32,0x2c,
  0x33,0x2e,0x32,0x20,0x37,0x2e,0x32,0x2c,0x37,0x2e,0x32,0x20,0x76,0x20,0x34,0x39,
  0x2e,0x34,0x20,0x63,0x20,0x30,0x2c,0x34,0x20,0x2d,0x33,0x2e,0x32,0x2c,0x37,0x2e,
  0x32,0x20,0x2d,0x37,0x2e,0x32,0x2c,0x37,0x2e,0x32,0x20,0x48,0x20,0x32,0x35,0x2e,
  0x33,0x20,0x63,0x20,0x2d,0x34,0x2c,0x30,0x20,0x2d,0x37,0x2e,0x32,0x2c,0x2d,0x33,
  0x2e,0x32,0x20,0x2d,0x37,0x2e,0x32,0x2c,0x2d,0x37,0x2e,0x32,0x20,0x30,0x2c,0x30,
  0x20,0x30,0x2c,0x2d,0x34,0x39,0x2e,0x34,0x20,0x30,0x2c,0x2d,0x34,0x39,0x2e,0x34,
  0x20,0x7a,0x22,0xa,0x20,0x20,0x20,0x69,0x64,0x3d,0x22,0x70,0x61,0x74,0x68,0x33,
  0x22,0x20,0x2f,0x3e,0xa,0x9,0x9,0x3c,0x70,0x61,0x74,0x68,0xa,0x20,0x20,0x20,
  0x64,0x3d,0x22,0x6d,0x20,0x31,0x39,0x37,0x2e,0x31,0x2c,0x31,0x32,0x32,0x2e,0x31,
  0x20,0x68,0x20,0x39,0x35,0x2e,0x34,0x20,0x63,0x20,0x35,0x2c,0x30,0x20,0x39,0x2e,
  0x31,0x2c,0x2d,0x34,0x2e,0x31,0x20,0x39,0x2e,0x31,0x2c,0x2d,0x39,0x2e,0x31,0x20,
  0x30,0x2c,0x2d,0x35,0x20,0x2d,0x34,0x2e,0x31,0x2c,0x2d,0x39,0x2e,0x31,0x20,0x2d,
  0x39,0x2e,0x31,0x2c,0x2d,0x39,0x2e,0x31,0x20,0x68,0x20,0x2d,0x39,0x35,0x2e,0x34,
  0x20,0x63,0x20,0x2d,0x35,0x2c,0x30,0x20,0x2d,0x39,0x2e,0x31,0x2c,0x34,0x2e,0x31,
  0x20,0x2d,0x39,0x2e,0x31,0x2c,0x39,0x2e,0x31,0x20,0x30,0x2c,0x35,0x20,0x34,0x2e,
  0x31,0x2c,0x39,0x2e,0x31,0x20,0x39,0x2e,0x31,0x2c,0x39,0x2e,0x31,0x20,0x7a,0x22,
  0xa,0x20,0x20,0x20,0x69,0x64,0x3d,0x22,0x70,0x61,0x74,0x68,0x35,0x22,0x20,0x2f,
  0x3e,0xa,0x9,0x9,0x3c,0x70,0x61,0x74,0x68,0xa,0x20,0x20,0x20,0x64,0x3d,0x22,
  0x6d,0x20,0x33,0x30,0x31,0x2e,0x36,0x2c,0x31,0x35,0x34,0x2e,0x39,0x20,0x63,0x20,
  0x30,0x2c,0x2d,0x35,0x20,0x2d,0x34,0x2e,0x31,0x2c,0x2d,0x39,0x2e,0x31,0x20,0x2d,
  0x39,0x2e,0x31,0x2c,0x2d,0x39,0x2e,0x31,0x20,0x68,0x20,0x2d,0x39,0x35,0x2e,0x34,
  0x20,0x63,0x20,0x2d,0x35,0x2c,0x30,0x20,0x2d,0x39,0x2e,0x31,0x2c,0x34,0x2e,0x31,
  0x20,0x2d,0x39,0x2e,0x31,0x2c,0x39,0x2e,0x31,0x20,0x30,0x2c,0x35,0x20,0x34,0x2e,
  0x31,0x2c,0x39,0x2e,0x31,0x20,0x39,0x2e,0x31,0x2c,0x39,0x2e,0x31,0x20,0x68,0x20,
  0x39,0x35,0x2e,0x34,0x20,0x63,0x20,0x35,0x2c,0x30,0x20,0x39,0x2e,0x31,0x2c,0x2d,
  0x34,0x2e,0x31,0x20,0x39,0x2e,0x31,0x2c,0x2d,0x39,0x2e,0x31,0x20,0x7a,0x22,0xa,
  0x20,0x20,0x20,0x69,0x64,0x3d,0x22,0x70,0x61,0x74,0x68,0x37,0x22,0x20,0x2f,0x3e,
  0xa,0x9,0x3c,0x2f,0x67,0x3e,0xa,0x3c,0x2f,0x67,0x3e,0xa,0x3c,0x67,0xa,0x20,
  0x20,0x20,0x69,0x64,0x3d,0x22,0x67,0x31,0x33,0x22,0x3e,0xa,0x3c,0x2f,0x67,0x3e,
  0xa,0x3c,0x67,0xa,0x20,0x20,0x20,0x69,0x64,0x3d,0x22,0x67,0x31,0x35,0x22,0x3e,
  0xa,0x3c,0x2f,0x67,0x3e,0xa,0x3c,0x67,0xa,0x20,0x20,0x20,0x69,0x64,0x3d,0x22,
  0x67,0x31,0x37,0x22,0x3e,0xa,0x3c,0x2f,0x67,0x3e,0xa,0x3c,0x67,0xa,0x20,0x20,
  0x20,0x69,0x64,0x3d,0x22,0x67,0x31,0x39,0x22,0x3e,0xa,0x3c,0x2f,0x67,0x3e,0xa,
  0x3c,0x67,0xa,0x20,0x20,0x20,0x69,0x64,0x3d,0x22,0x67,0x32,0x31,0x22,0x3e,0xa,
  0x3c,0x2f,0x67,0x3e,0xa,0x3c,0x67,0xa,0x20,0x20,0x20,0x69,0x64,0x3d,0x22,0x67,
  0x32,0x33,0x22,0x3e,0xa,0x3c,0x2f,0x67,0x3e,0xa,0x3c,0x67,0xa,0x20,0x20,0x20,
  0x69,0x64,0x3d,0x22,0x67,0x32,0x35,0x22,0x3e,0xa,0x3c,0x2f,0x67,0x3e,0xa,0x3c,
  0x67,0xa,0x20,0x20,0x20,0x69,0x64,0x3d,0x22,0x67,0x32,0x37,0x22,0x3e,0xa,0x3c,
  0x2f,0x67,0x3e,0xa,0x3c,0x67,0xa,0x20,0x20,0x20,0x69,0x64,0x3d,0x22,0x67,0x32,
  0x39,0x22,0x3e,0xa,0x3c,0x2f,0x67,0x3e,0xa,0x3c,0x67,0xa,0x20,0x20,0x20,0x69,
  0x64,0x3d,0x22,0x67,0x33,0x31,0x22,0x3e,0xa,0x3c,0x2f,0x67,0x3e,0xa,0x3c,0x67,
  0xa,0x20,0x20,0x20,0x69,0x64,0x3d,0x22,0x67,0x33,0x33,0x22,0x3e,0xa,0x3c,0x2f,
  0x67,0x3e,0xa,0x3c,0x67,0xa,0x20,0x20,0x20,0x69,0x64,0x3d,0x22,0x67,0x33,0x35,
  0x22,0x3e,0xa,0x3c,0x2f,0x67,0x3e,0xa,0x3c,0x67,0xa,0x20,0x20,0x20,0x69,0x64,
  0x3d,0x22,0x67,0x33,0x37,0x22,0x3e,0xa,0x3c,0x2f,0x67,0x3e,0xa,0x3c,0x67,0xa,
  0x20,0x20,0x20,0x69,0x64,0x3d,0x22,0x67,0x33,0x39,0x22,0x3e,0xa,0x3c,0x2f,0x67,
  0x3e,0xa,0x3c,0x67,0xa,0x20,0x20,0x20,0x69,0x64,0x3d,0x22,0x67,0x34,0x31,0x22,
  0x3e,0xa,0x3c,0x2f,0x67,0x3e,0xa,0xa,0x3c,0x74,0x65,0x78,0x74,0xa,0x20,0x20,
  0x20,0x78,0x6d,0x6c,0x3a,0x73,0x70,0x61,0x63,0x65,0x3d,0x22,0x70,0x72,0x65,0x73,
  0x65,0x72,0x76,0x65,0x22,0xa,0x20,0x20,0x20,0x73,0x74,0x79,0x6c,0x65,0x3d,0x22,
  0x66,0x6f,0x6e,0x74,0x2d,0x73,0x74,0x79,0x6c,0x65,0x3a,0x6e,0x6f,0x72,0x6d,0x61,
  0x6c,0x3b,0x66,0x6f,0x6e,0x74,0x2d,0x77,0x65,0x69,0x67,0x68,0x74,0x3a,0x6e,0x6f,
  0x72,0x6d,0x61,0x6c,0x3b,0x66,0x6f,0x6e,0x74,0x2d,0x73,0x69,0x7a,0x65,0x3a,0x39,
  0x31,0x2e,0x33,0x33,0x34,0x39,0x70,0x78,0x3b,0x6c,0x69,0x6e,0x65,0x2d,0x68,0x65,
  0x69,0x67,0x68,0x74,0x3a,0x31,0x2e,0x32,0x35,0x3b,0x66,0x6f,0x6e,0x74,0x2d,0x66,
  0x61,0x6d,0x69,0x6c,0x79,0x3a,0x73,0x61,0x6e,0x73,0x2d,0x73,0x65,0x72,0x69,0x66,
  0x3b,0x6c,0x65,0x74,0x74,0x65,0x72,0x2d,0x73,0x70,0x61,0x63,0x69,0x6e,0x67,0x3a,
  0x30,0x70,0x78,0x3b,0x77,0x6f,0x72,0x64,0x2d,0x73,0x70,0x61,0x63,0x69,0x6e,0x67,
  0x3a,0x30,0x70,0x78,0x3b,0x66,0x69,0x6c,0x6c,0x3a,0x23,0x30,0x30,0x30,0x30,0x33,
  0x33,0x3b,0x66,0x69,0x6c,0x6c,0x2d,0x6f,0x70,0x61,0x63,0x69,0x74,0x79,0x3a,0x31,
  0x3b,0x73,0x74,0x72,0x6f,0x6b,0x65,0x3a,0x6e,0x6f,0x6e,0x65,0x3b,0x73,0x74,0x72,
  0x6f,0x6b,0x65,0x2d,0x77,0x69,0x64,0x74,0x68,0x3a,0x32,0x2e,0x32,0x38,0x33,0x33,
  0x37,0x22,0xa,0x20,0x20,0x20,0x78,0x3d,0x22,0x31,0x34,0x38,0x2e,0x39,0x33,0x35,
  0x31,0x37,0x22,0xa,0x20,0x20,0x20,0x79,0x3d,0x22,0x33,0x32,0x39,0x2e,0x36,0x31,
  0x32,0x38,0x32,0x22,0xa,0x20,0x20,0x20,0x69,0x64,0x3d,0x22,0x74,0x65,0x78,0x74,
  0x38,0x36,0x30,0x2d,0x33,0x22,0xa,0x20,0x20,0x20,0x74,0x72,0x61,0x6e,0x73,0x66,
  0x6f,0x72,0x6d,0x3d,0x22,0x73,0x63,0x61,0x6c,0x65,0x28,0x30,0x2e,0x37,0x32,0x30,
  0x37,0x36,0x31,0x37,0x31,0x2c,0x31,0x2e,0x33,0x38,0x37,0x34,0x32,0x31,0x31,0x29,
  0x22,0x3e,0x3c,0x74,0x73,0x70,0x61,0x6e,0xa,0x20,0x20,0x20,0x20,0x20,0x73,0x6f,
  0x64,0x69,0x70,0x6f,0x64,0x69,0x3a,0x72,0x6f,0x6c,0x65,0x3d,0x22,0x6c,0x69,0x6e,
  0x65,0x22,0xa,0x20,0x20,0x20,0x20,0x20,0x69,0x64,0x3d,0x22,0x74,0x73,0x70,0x61,
  0x6e,0x38,0x35,0x38,0x2d,0x36,0x22,0xa,0x20,0x20,0x20,0x20,0x20,0x78,0x3d,0x22,
  0x31,0x34,0x38,0x2e,0x39,0x33,0x35,0x31,0x37,0x22,0xa,0x20,0x20,0x20,0x20,0x20,
  0x79,0x3d,0x22,0x33,0x32,0x39,0x2e,0x36,0x31,0x32,0x38,0x32,0x22,0xa,0x20,0x20,
  0x20,0x20,0x20,0x73,0x74,0x79,0x6c,0x65,0x3d,0x22,0x66,0x6f,0x6e,0x74,0x2d,0x73,
  0x74,0x79,0x6c,0x65,0x3a,0x6e,0x6f,0x72,0x6d,0x61,0x6c,0x3b,0x66,0x6f,0x6e,0x74,
  0x2d,0x76,0x61,0x72,0x69,0x61,0x6e,0x74,0x3a,0x6e,0x6f,0x72,0x6d,0x61,0x6c,0x3b,
  0x66,0x6f,0x6e,0x74,0x2d,0x77,0x65,0x69,0x67,0x68,0x74,0x3a,0x62,0x6f,0x6c,0x64,
  0x3b,0x66,0x6f,0x6e,0x74,0x2d,0x73,0x74,0x72,0x65,0x74,0x63,0x68,0x3a,0x6e,0x6f,
  0x72,0x6d,0x61,0x6c,0x3b,0x66,0x6f,0x6e,0x74,0x2d,0x66,0x61,0x6d,0x69,0x6c,0x79,
  0x3a,0x73,0x61,0x6e,0x73,0x2d,0x73,0x65,0x72,0x69,0x66,0x3b,0x2d,0x69,0x6e,0x6b,
  0x73,0x63,0x61,0x70,0x65,0x2d,0x66,0x6f,0x6e,0x74,0x2d,0x73,0x70,0x65,0x63,0x69,
  0x66,0x69,0x63,0x61,0x74,0x69,0x6f,0x6e,0x3a,0x27,0x73,0x61,0x6e,0x73,0x2d,0x73,
  0x65,0x72,0x69,0x66,0x20,0x42,0x6f,0x6c,0x64,0x27,0x3b,0x66,0x69,0x6c,0x6c,0x3a,
  0x23,0x30,0x30,0x30,0x30,0x33,0x33,0x3b,0x73,0x74,0x72,0x6f,0x6b,0x65,0x2d,0x77,
  0x69,0x64,0x74,0x68,0x3a,0x32,0x2e,0x32,0x38,0x33,0x33,0x37,0x22,0x3e,0x44,0x65,
  0x73,0x6b,0x74,0x6f,0x70,0x3c,0x2f,0x74,0x73,0x70,0x61,0x6e,0x3e,0x3c,0x2f,0x74,
  0x65,0x78,0x74,0x3e,0xa,0xa,0x3c,0x2f,0x73,0x76,0x67,0x3e,0xa,
    // /home/etapadmin/Masaüstü/ulakshare/ulakshare-server/icons/select.svg
  0x0,0x0,0x7,0x10,
  0x3c,
  0x3f,0x78,0x6d,0x6c,0x20,0x76,0x65,0x72,0x73,0x69,0x6f,0x6e,0x3d,0x22,0x31,0x2e,
  0x30,0x22,0x20,0x65,0x6e,0x63,0x6f,0x64,0x69,0x6e,0x67,0x3d,0x22,0x55,0x54,0x46,
  0x2d,0x38,0x22,0x20,0x73,0x74,0x61,0x6e,0x64,0x61,0x6c,0x6f,0x6e,0x65,0x3d,0x22,
  0x6e,0x6f,0x22,0x3f,0x3e,0xa,0x3c,0x21,0x2d,0x2d,0x20,0x55,0x70,0x6c,0x6f,0x61,
  0x64,0x65,0x64,0x20,0x74,0x6f,0x3a,0x20,0x53,0x56,0x47,0x20,0x52,0x65,0x70,0x6f,
  0x2c,0x20,0x77,0x77,0x77,0x2e,0x73,0x76,0x67,0x72,0x65,0x70,0x6f,0x2e,0x63,0x6f,
  0x6d,0x2c,0x20,0x54,0x72,0x61,0x6e,0x73,0x66,0x6f,0x72,0x6d,0x65,0x64,0x20,0x62,
  0x79,0x3a,0x20,0x53,0x56,0x47,0x20,0x52,0x65,0x70,0x6f,0x20,0x4d,0x69,0x78,0x65,
  0x72,0x20,0x54,0x6f,0x6f,0x6c,0x73,0x20,0x2d,0x2d,0x3e,0xa,0xa,0x3c,0x73,0x76,
  0x67,0xa,0x20,0x20,0x20,0x66,0x69,0x6c,0x6c,0x3d,0x22,0x23,0x37,0x37,0x37,0x36,
  0x37,0x62,0x22,0xa,0x20,0x20,0x20,0x77,0x69,0x64,0x74,0x68,0x3d,0x22,0x38,0x30,
  0x30,0x70,0x78,0x22,0xa,0x20,0x20,0x20,0x68,0x65,0x69,0x67,0x68,0x74,0x3d,0x22,
  0x38,0x30,0x30,0x70,0x78,0x22,0xa,0x20,0x20,0x20,0x76,0x69,0x65,0x77,0x42,0x6f,
  0x78,0x3d,0x22,0x30,0x20,0x30,0x20,0x32,0x34,0x20,0x32,0x34,0x22,0xa,0x20,0x20,
  0x20,0x76,0x65,0x72,0x73,0x69,0x6f,0x6e,0x3d,0x22,0x31,0x2e,0x31,0x22,0xa,0x20,
  0x20,0x20,0x69,0x64,0x3d,0x22,0x73,0x76,0x67,0x31,0x33,0x33,0x32,0x22,0xa,0x20,
  0x20,0x20,0x73,0x6f,0x64,0x69,0x70,0x6f,0x64,0x69,0x3a,0x64,0x6f,0x63,0x6e,0x61,
  0x6d,0x65,0x3d,0x22,0x73,0x65,0x6c,0x65,0x63,0x74,0x2e,0x73,0x76,0x67,0x22,0xa,
  0x20,0x20,0x20,0x69,0x6e,0x6b,0x73,0x63,0x61,0x70,0x65,0x3a,0x76,0x65,0x72,0x73,
  0x69,0x6f,0x6e,0x3d,0x22,0x31,0x2e,0x32,0x2e,0x32,0x20,0x28,0x62,0x30,0x61,0x38,
  0x34,0x38,0x36,0x35,0x34,0x31,0x2c,0x20,0x32,0x30,0x32,0x32,0x2d,0x31,0x32,0x2d,
  0x30,0x31,0x29,0x22,0xa,0x20,0x20,0x20,0x78,0x6d,0x6c,0x6e,0x73,0x3a,0x69,0x6e,
  0x6b,0x73,0x63,0x61,0x70,0x65,0x3d,0x22,0x68,0x74,0x74,0x70,0x3a,0x2f,0x2f,0x77,
  0x77,0x77,0x2e,0x69,0x6e,0x6b,0x73,0x63,0x61,0x70,0x65,0x2e,0x6f,0x72,0x67,0x2f,
  0x6e,0x61,0x6d,0x65,0x73,0x70,0x61,0x63,0x65,0x73,0x2f,0x69,0x6e,0x6b,0x73,0x63,
  0x61,0x70,0x65,0x22,0xa,0x20,0x20,0x20,0x78,0x6d,0x6c,0x6e,0x73,0x3a,0x73,0x6f,
  0x64,0x69,0x70,0x6f,0x64,0x69,0x3d,0x22,0x68,0x74,0x74,0x70,0x3a,0x2f,0x2f,0x73,
  0x6f,0x64,0x69,0x70,0x6f,0x64,0x69,0x2e,0x73,0x6f,0x75,0x72,0x63,0x65,0x66,0x6f,
  0x72,0x67,0x65,0x2e,0x6e,0x65,0x74,0x2f,0x44,0x54,0x44,0x2f,0x73,0x6f,0x64,0x69,
  0x70,0x6f,0x64,0x69,0x2d,0x30,0x2e,0x64,0x74,0x64,0x22,0xa,0x20,0x20,0x20,0x78,
  0x6d,0x6c,0x6e,0x73,0x3d,0x22,0x68,0x74,0x74,0x70,0x3a,0x2f,0x2f,0x77,0x77,0x77,
  0x2e,0x77,0x33,0x2e,0x6f,0x72,0x67,0x2f,0x32,0x30,0x30,0x30,0x2f,0x73,0x76,0x67,
  0x22,0xa,0x20,0x20,0x20,0x78,0x6d,0x6c,0x6e,0x73,0x3a,0x73,0x76,0x67,0x3d,0x22,
  0x68,0x74,0x74,0x70,0x3a,0x2f,0x2f,0x77,0x77,0x77,0x2e,0x77,0x33,0x2e,0x6f,0x72,
  0x67,0x2f,0x32,0x30,0x30,0x30,0x2f,0x73,0x76,0x67,0x22,0x3e,0xa,0x20,0x20,0x3c,
  0x64,0x65,0x66,0x73,0xa,0x20,0x20,0x20,0x20,0x20,0x69,0x64,0x3d,0x22,0x64,0x65,
  0x66,0x73,0x31,0x33,0x33,0x36,0x22,0x20,0x2f,0x3e,0xa,0x20,0x20,0x3c,0x73,0x6f,
  0x64,0x69,0x70,0x6f,0x64,0x69,0x3a,0x6e,0x61,0x6d,0x65,0x64,0x76,0x69,0x65,0x77,
  0xa,0x20,0x20,0x20,0x20,0x20,0x69,0x64,0x3d,0x22,0x6e,0x61,0x6d,0x65,0x64,0x76,
  0x69,0x65,0x77,0x31,0x33,0x33,0x34,0x22,0xa,0x20,0x20,0x20,0x20,0x20,0x70,0x61,
  0x67,0x65,0x63,0x6f,0x6c,0x6f,0x72,0x3d,0x22,0x23,0x66,0x66,0x66,0x66,0x66,0x66,
  0x22,0xa,0x20,0x20,0x20,0x20,0x20,0x62,0x6f,0x72,0x64,0x65,0x72,0x63,0x6f,0x6c,
  0x6f,0x72,0x3d,0x22,0x23,0x30,0x30,0x30,0x30,0x30,0x30,0x22,0xa,0x20,0x20,0x20,
  0x20,0x20,0x62,0x6f,0x72,0x64,0x65,0x72,0x6f,0x70,0x61,0x63,0x69,0x74,0x79,0x3d,
  0x22,0x30,0x2e,0x32,0x35,0x22,0xa,0x20,0x20,0x20,0x20,0x20,0x69,0x6e,0x6b,0x73,
  0x63,0x61,0x70,0x65,0x3a,0x73,0x68,0x6f,0x77,0x70,0x61,0x67,0x65,0x73,0x68,0x61,
  0x64,0x6f,0x77,0x3d,0x22,0x32,0x22,0xa,0x20,0x20,0x20,0x20,0x20,0x69,0x6e,0x6b,
  0x73,0x63,0x61,0x70,0x65,0x3a,0x70,0x61,0x67,0x65,0x6f,0x70,0x61,0x63,0x69,0x74,
  0x79,0x3d,0x22,0x30,0x2e,0x30,0x22,0xa,0x20,0x20,0x20,0x20,0x20,0x69,0x6e,0x6b,
  0x73,0x63,0x61,0x70,0x65,0x3a,0x70,0x61,0x67,0x65,0x63,0x68,0x65,0x63,0x6b,0x65,
  0x72,0x62,0x6f,0x61,0x72,0x64,0x3d,0x22,0x30,0x22,0xa,0x20,0x20,0x20,0x20,0x20,
  0x69,0x6e,0x6b,0x73,0x63,0x61,0x70,0x65,0x3a,0x64,0x65,0x73,0x6b,0x63,0x6f,0x6c,
  0x6f,0x72,0x3d,0x22,0x23,0x64,0x31,0x64,0x31,0x64,0x31,0x22,0xa,0x20,0x20,0x20,
  0x20,0x20,0x73,0x68,0x6f,0x77,0x67,0x72,0x69,0x64,0x3d,0x22,0x66,0x61,0x6c,0x73,
  0x65,0x22,0xa,0x20,0x20,0x20,0x20,0x20,0x69,0x6e,0x6b,0x73,0x63,0x61,0x70,0x65,
  0x3a,0x7a,0x6f,0x6f,0x6d,0x3d,0x22,0x30,0x2e,0x36,0x33,0x31,0x32,0x35,0x22,0xa,
  0x20,0x20,0x20,0x20,0x20,0x69,0x6e,0x6b,0x73,0x63,0x61,0x70,0x65,0x3a,0x63,0x78,
  0x3d,0x22,0x33,0x39,0x31,0x2e,0x32,0x38,0x37,0x31,0x33,0x22,0xa,0x20,0x20,0x20,
  0x20,0x20,0x69,0x6e,0x6b,0x73,0x63,0x61,0x70,0x65,0x3a,0x63,0x79,0x3d,0x22,0x34,
  0x30,0x30,0x2e,0x37,0x39,0x32,0x30,0x38,0x22,0xa,0x20,0x20,0x20,0x20,0x20,0x69,
  0x6e,0x6b,0x73,0x63,0x61,0x70,0x65,0x3a,0x77,0x69,0x6e,0x64,0x6f,0x77,0x2d,0x77,
  0x69,0x64,0x74,0x68,0x3d,0x22,0x31,0x33,0x36,0x36,0x22,0xa,0x20,0x20,0x20,0x20,
  0x20,0x69,0x6e,0x6b,0x73,0x63,0x61,0x70,0x65,0x3a,0x77,0x69,0x6e,0x64,0x6f,0x77,
  0x2d,0x68,0x65,0x69,0x67,0x68,0x74,0x3d,0x22,0x36,0x36,0x37,0x22,0xa,0x20,0x20,
  0x20,0x20,0x20,0x69,0x6e,0x6b,0x73,0x63,0x61,0x70,0x65,0x3a,0x77,0x69,0x6e,0x64,
  0x6f,0x77,0x2d,0x78,0x3d,0x22,0x30,0x22,0xa,0x20,0x20,0x20,0x20,0x20,0x69,0x6e,
  0x6b,0x73,0x63,0x61,0x70,0x65,0x3a,0x77,0x69,0x6e,0x64,0x6f,0x77,0x2d,0x79,0x3d,
  0x22,0x30,0x22,0xa,0x20,0x20,0x20,0x20,0x20,0x69,0x6e,0x6b,0x73,0x63,0x61,0x70,
  0x65,0x3a,0x77,0x69,0x6e,0x64,0x6f,0x77,0x2d,0x6d,0x61,0x78,0x69,0x6d,0x69,0x7a,
  0x65,0x64,0x3d,0x22,0x31,0x22,0xa,0x20,0x20,0x20,0x20,0x20,0x69,0x6e,0x6b,0x73,
  0x63,0x61,0x70,0x65,0x3a,0x63,0x75,0x72,0x72,0x65,0x6e,0x74,0x2d,0x6c,0x61,0x79,
  0x65,0x72,0x3d,0x22,0x73,0x76,0x67,0x31,0x33,0x33,0x32,0x22,0x20,0x2f,0x3e,0xa,
  0x20,0x20,0x3c,0x67,0xa,0x20,0x20,0x20,0x20,0x20,0x69,0x64,0x3d,0x22,0x53,0x56,
  0x47,0x52,0x65,0x70,0x6f,0x5f,0x62,0x67,0x43,0x61,0x72,0x72,0x69,0x65,0x72,0x22,
  0xa,0x20,0x20,0x20,0x20,0x20,0x73,0x74,0x72,0x6f,0x6b,0x65,0x2d,0x77,0x69,0x64,
  0x74,0x68,0x3d,0x22,0x30,0x22,0x20,0x2f,0x3e,0xa,0x20,0x20,0x3c,0x67,0xa,0x20,
  0x20,0x20,0x20,0x20,0x69,0x64,0x3d,0x22,0x53,0x56,0x47,0x52,0x65,0x70,0x6f,0x5f,
  0x74,0x72,0x61,0x63,0x65,0x72,0x43,0x61,0x72,0x72,0x69,0x65,0x72,0x22,0xa,0x20,
  0x20,0x20,0x20,0x20,0x73,0x74,0x72,0x6f,0x6b,0x65,0x2d,0x6c,0x69,0x6e,0x65,0x63,
  0x61,0x70,0x3d,0x22,0x72,0x6f,0x75,0x6e,0x64,0x22,0xa,0x20,0x20,0x20,0x20,0x20,
  0x73,0x74,0x72,0x6f,0x6b,0x65,0x2d,0x6c,0x69,0x6e,0x65,0x6a,0x6f,0x69,0x6e,0x3d,
  0x22,0x72,0x6f,0x75,0x6e,0x64,0x22,0x20,0x2f,0x3e,0xa,0x20,0x20,0x3c,0x67,0xa,
  0x20,0x20,0x20,0x20,0x20,0x69,0x64,0x3d,0x22,0x53,0x56,0x47,0x52,0x65,0x70,0x6f,
  0x5f,0x69,0x63,0x6f,0x6e,0x43,0x61,0x72,0x72,0x69,0x65,0x72,0x22,0x3e,0xa,0x20,
  0x20,0x20,0x20,0x3c,0x70,0x61,0x74,0x68,0xa,0x20,0x20,0x20,0x20,0x20,0x20,0x20,
  0x64,0x3d,0x22,0x4d,0x37,0x20,0x35,0x63,0x2d,0x31,0x2e,0x31,0x30,0x33,0x20,0x30,
  0x2d,0x32,0x20,0x2e,0x38,0x39,0x37,0x2d,0x32,0x20,0x32,0x76,0x31,0x30,0x63,0x30,
  0x20,0x31,0x2e,0x31,0x30,0x33,0x2e,0x38,0x39,0x37,0x20,0x32,0x20,0x32,0x20,0x32,
  0x68,0x31,0x30,0x63,0x31,0x2e,0x31,0x30,0x33,0x20,0x30,0x20,0x32,0x2d,0x2e,0x38,
  0x39,0x37,0x20,0x32,0x2d,0x32,0x56,0x37,0x63,0x30,0x2d,0x31,0x2e,0x31,0x30,0x33,
  0x2d,0x2e,0x38,0x39,0x37,0x2d,0x32,0x2d,0x32,0x2d,0x32,0x48,0x37,0x7a,0x6d,0x30,
  0x20,0x31,0x32,0x56,0x37,0x68,0x31,0x30,0x6c,0x2e,0x30,0x30,0x32,0x20,0x31,0x30,
  0x48,0x37,0x7a,0x22,0xa,0x20,0x20,0x20,0x20,0x20,0x20,0x20,0x69,0x64,0x3d,0x22,
  0x70,0x61,0x74,0x68,0x31,0x33,0x32,0x39,0x22,0x20,0x2f,0x3e,0xa,0x20,0x20,0x3c,
  0x2f,0x67,0x3e,0xa,0x20,0x20,0x3c,0x67,0xa,0x20,0x20,0x20,0x20,0x20,0x69,0x64,
  0x3d,0x22,0x53,0x56,0x47,0x52,0x65,0x70,0x6f,0x5f,0x62,0x67,0x43,0x61,0x72,0x72,
  0x69,0x65,0x72,0x2d,0x33,0x22,0xa,0x20,0x20,0x20,0x20,0x20,0x73,0x74,0x72,0x6f,
  0x6b,0x65,0x2d,0x77,0x69,0x64,0x74,0x68,0x3d,0x22,0x30,0x22,0xa,0x20,0x20,0x20,
  0x20,0x20,0x74,0x72,0x61,0x6e,0x73,0x66,0x6f,0x72,0x6d,0x3d,0x22,0x6d,0x61,0x74,
  0x72,0x69,0x78,0x28,0x30,0x2e,0x35,0x36,0x30,0x33,0x33,0x39,0x31,0x34,0x2c,0x30,
  0x2c,0x30,0x2c,0x30,0x2e,0x35,0x35,0x37,0x30,0x30,0x37,0x34,0x36,0x2c,0x35,0x2e,
  0x32,0x37,0x35,0x39,0x33,0x30,0x33,0x2c,0x35,0x2e,0x33,0x36,0x29,0x22,0x3e,0xa,
  0x20,0x20,0x20,0x20,0x3c,0x72,0x65,0x63,0x74,0xa,0x20,0x20,0x20,0x20,0x20,0x20,
  0x20,0x78,0x3d,0x22,0x30,0x22,0xa,0x20,0x20,0x20,0x20,0x20,0x20,0x20,0x79,0x3d,
  0x22,0x30,0x22,0xa,0x20,0x20,0x20,0x20,0x20,0x20,0x20,0x77,0x69,0x64,0x74,0x68,
  0x3d,0x22,0x32,0x34,0x22,0xa,0x20,0x20,0x20,0x20,0x20,0x20,0x20,0x68,0x65,0x69,
  0x67,0x68,0x74,0x3d,0x22,0x32,0x34,0x22,0xa,0x20,0x20,0x20,0x20,0x20,0x20,0x20,
  0x72,0x78,0x3d,0x22,0x33,0x2e,0x31,0x31,0x39,0x39,0x39,0x39,0x39,0x22,0xa,0x20,
  0x20,0x20,0x20,0x20,0x20,0x20,0x66,0x69,0x6c,0x6c,0x3d,0x22,0x23,0x36,0x32,0x61,
  0x30,0x65,0x61,0x22,0xa,0x20,0x20,0x20,0x20,0x20,0x20,0x20,0x73,0x74,0x72,0x6f,
  0x6b,0x65,0x77,0x69,0x64,0x74,0x68,0x3d,0x22,0x30,0x22,0xa,0x20,0x20,0x20,0x20,
  0x20,0x20,0x20,0x69,0x64,0x3d,0x22,0x72,0x65,0x63,0x74,0x32,0x22,0x20,0x2f,0x3e,
  0xa,0x20,0x20,0x3c,0x2f,0x67,0x3e,0xa,0x3c,0x2f,0x73,0x76,0x67,0x3e,0xa,
    // /home/etapadmin/Masaüstü/ulakshare/ulakshare-server/icons/send.svg
  0x0,0x0,0x5,0x79,
  0x0,
  0x0,0x15,0x8,0x78,0x9c,0xd5,0x97,0x4d,0x73,0xdb,0x36,0x10,0x86,0xcf,0xce,0x4c,
  0xfe,0x3,0xcb,0x5e,0xda,0x19,0x2,0xc2,0x17,0x41,0xd2,0xb5,0x92,0x71,0x14,0x27,
  0x3a,0xd4,0x97,0xba,0xf5,0xb5,0xa3,0x91,0x19,0x51,0x53,0x59,0xd4,0x88,0x1a,0xca,
  0xf1,0xaf,0xef,0x62,0x1,0x52,0x20,0x65,0x7d,0x74,0xe2,0x66,0xda,0xb,0x49,0x91,
  0xab,0xdd,0x67,0x5f,0x2c,0x80,0xc5,0xd5,0xfb,0xa7,0xc7,0x45,0x50,0xe7,0xeb,0x6a,
  0x5e,0x2e,0x87,0x21,0xa7,0x2c,0xc,0xf2,0xe5,0xb4,0x7c,0x98,0x2f,0x67,0xc3,0x70,
  0x5e,0x95,0x24,0x4d,0xe3,0x8c,0xf0,0xf0,0xfd,0xbb,0xb7,0x6f,0xae,0x7e,0x20,0x24,
  0xf8,0x63,0xb5,0x28,0x27,0xf,0xf9,0x43,0xb0,0x29,0x2f,0x83,0xbb,0xfb,0xcf,0xc1,
  0x6f,0xf9,0xaa,0x8c,0x82,0xed,0x76,0x4b,0xab,0x7a,0xb6,0x86,0x1f,0x74,0x5a,0x3e,
  0x46,0xc1,0xe7,0x7c,0x99,0xaf,0x27,0x9b,0x72,0xbd,0xb3,0xa,0x6e,0xe7,0x4f,0xf9,
  0x3a,0xf8,0xbd,0x2c,0x17,0x55,0x40,0x88,0xf1,0x8,0x7f,0x9,0x8a,0x7c,0x3e,0x2b,
  0x36,0xc3,0x30,0x65,0x6c,0xf5,0x14,0x6,0xdb,0xf9,0xc3,0xa6,0x68,0x7f,0x79,0x68,
  0x3c,0xc,0xe6,0xf,0xc3,0xf0,0xd7,0xc9,0xd7,0x7c,0xfd,0x27,0xfc,0x0,0xf2,0x65,
  0x35,0xc,0x8b,0xcd,0x66,0x75,0x39,0x18,0x18,0x80,0xad,0xa4,0xe5,0x7a,0x36,0x10,
  0x8c,0xb1,0x1,0x78,0x76,0x26,0x97,0x4f,0x8b,0xf9,0xf2,0xaf,0x97,0xc,0x79,0x96,
  0x65,0x3,0xfc,0x1a,0x6,0x6f,0xdf,0x5c,0x4,0xf5,0x3c,0xdf,0x7e,0x28,0x9f,0x86,
  0x21,0xb,0x58,0x10,0x33,0x49,0x95,0x4e,0x9a,0x3b,0x3a,0xbb,0xac,0x56,0x93,0x69,
  0x3e,0xc,0x57,0xeb,0xbc,0xca,0xd7,0x75,0x1e,0x9a,0x1c,0x66,0xc1,0x66,0x3d,0x59,
  0x56,0x5f,0xca,0xf5,0xe3,0x30,0xc4,0xc7,0xc5,0x64,0x93,0xff,0xc4,0x3,0xfe,0xb3,
  0xf9,0x7e,0x71,0xb5,0x9a,0x6c,0x8a,0xa0,0xda,0x7c,0x5d,0xc0,0x3f,0xbf,0xcc,0x17,
  0x8b,0xcb,0x1f,0x6f,0xd4,0x27,0xf1,0xf1,0xe6,0x97,0x30,0x80,0x7c,0x6e,0xb9,0xcc,
  0x68,0x1a,0xc9,0x58,0x52,0x2e,0x65,0xcd,0xa5,0xa6,0xb1,0x94,0x53,0x16,0x29,0x2a,
  0x74,0x42,0xf0,0x1a,0xa5,0xe6,0x1d,0xc1,0xab,0x7d,0x1e,0x73,0x4e,0xd3,0xa9,0xfb,
  0xca,0xec,0x17,0xfb,0x8b,0x78,0xb6,0x10,0xfd,0xe2,0xde,0x79,0x9e,0x32,0x67,0xed,
  0x59,0xf9,0x7e,0x8b,0x38,0xa3,0x49,0x7b,0x1b,0x71,0x19,0xa3,0x85,0x54,0x8a,0xea,
  0xc8,0x31,0xaa,0x94,0xa6,0xe0,0xa1,0x43,0xfc,0x1c,0xdc,0x4a,0x9e,0xf5,0xf9,0x4d,
  0xe4,0x36,0x7,0x10,0x90,0xcb,0x97,0x72,0xc8,0xf8,0x94,0xc4,0x94,0x8b,0xc3,0x19,
  0xec,0xd1,0xa3,0xaf,0x53,0xf4,0x26,0xfa,0x48,0x72,0xc8,0x20,0x4d,0x5c,0x6,0xc8,
  0xe8,0xf8,0x3d,0x5e,0xa0,0x57,0x59,0x4a,0xc5,0x41,0xfd,0xf,0xb1,0xcb,0x84,0x51,
  0x81,0x59,0xfe,0x7b,0x19,0xa8,0x4c,0xd1,0xa4,0xcd,0xc0,0x71,0xba,0x1c,0x3a,0xd4,
  0xcf,0xe1,0x0,0x2b,0x6d,0x66,0xae,0x2f,0x15,0x5c,0x72,0x73,0xc3,0x6f,0xb4,0x2b,
  0x38,0x11,0x33,0x13,0x22,0x12,0x10,0xa,0x80,0xa6,0x19,0x95,0x10,0x84,0x45,0x3c,
  0xa1,0xc,0x3c,0x27,0x54,0xa7,0xcd,0xb3,0xbd,0x55,0xc4,0x7b,0x47,0x3a,0x9f,0x4c,
  0x3c,0x90,0xc0,0xb9,0x70,0xdf,0xd0,0x9c,0x74,0xcc,0xef,0x84,0xe2,0x54,0xaa,0xa4,
  0x9,0x1a,0xf5,0x20,0x6c,0x2,0x27,0xd1,0xa5,0xe6,0x54,0x9b,0xe0,0x50,0xfd,0x35,
  0x17,0xe9,0x18,0x4b,0xb1,0x26,0xf0,0x78,0xb2,0xbe,0x5,0x53,0x34,0x45,0xde,0x91,
  0x8c,0x41,0xbc,0x18,0x8a,0xdb,0xe,0x88,0x73,0x9a,0xd8,0x82,0xf7,0x42,0x38,0x59,
  0x7,0xb3,0x3,0xf3,0xf8,0xfa,0xfa,0x3,0xff,0x70,0xdd,0x67,0xd3,0x31,0x55,0xa7,
  0xea,0xa7,0x20,0x9c,0x9,0xaa,0xdc,0xed,0xac,0x89,0x5c,0x13,0x11,0x53,0x5d,0x8,
  0xc1,0x4d,0x1,0xdc,0x63,0x18,0x3b,0xf0,0x16,0xf0,0x5,0xbe,0x98,0xc7,0x3a,0xfe,
  0xe4,0xf8,0x54,0xc6,0x90,0xcf,0x2d,0x68,0x50,0xc1,0x9c,0x8a,0x29,0xd1,0x34,0x15,
  0x38,0x74,0x82,0xa6,0x50,0xca,0x59,0x22,0xed,0xa3,0xb9,0x40,0xed,0x2a,0x57,0xbb,
  0xd6,0x6c,0xf7,0x3d,0x6a,0x8d,0xa,0xce,0x33,0xe3,0x10,0x18,0xa7,0xce,0x19,0x7e,
  0xb4,0xc6,0x51,0x6b,0xdc,0x4c,0xad,0x91,0x3,0x80,0x12,0x4e,0xa8,0xca,0x64,0x7b,
  0xdf,0xbd,0xef,0x80,0x9a,0x5,0xc6,0xa0,0x42,0xe9,0x67,0x26,0x73,0x13,0x87,0x8,
  0x1a,0xeb,0xa8,0x19,0x71,0x4e,0x13,0x96,0xf8,0xa3,0xef,0xcd,0x62,0x34,0x44,0x83,
  0xc8,0x33,0xb0,0xd7,0x86,0x7c,0x6a,0xbd,0xb9,0x11,0xf3,0x8c,0xad,0xcf,0x46,0x5,
  0x13,0x98,0x61,0x64,0xe2,0x45,0xf4,0xaf,0x56,0x53,0x5c,0x11,0x39,0xa6,0xd2,0x68,
  0xcd,0xb3,0xd7,0x50,0x1a,0x0,0x5a,0xe4,0xb3,0x94,0x96,0xc2,0x65,0xeb,0x14,0x96,
  0x1c,0xea,0xde,0x53,0xba,0x87,0x9,0xe0,0x0,0xfa,0x7f,0xd0,0x19,0x30,0xd,0xac,
  0x14,0x18,0xa4,0x55,0x59,0x98,0x3d,0xf1,0xfb,0xcb,0xcc,0x55,0x8c,0x4b,0x62,0x23,
  0xb3,0x59,0x94,0x98,0x27,0x73,0x8f,0xd3,0x90,0xb,0xdc,0x4e,0xff,0xfb,0x3a,0x3,
  0xa7,0xd9,0x22,0xb5,0x4b,0x50,0xc3,0x42,0x6f,0x36,0xbf,0x4c,0x1b,0xa5,0x7d,0xe8,
  0x7d,0x17,0xce,0xf7,0x7e,0x36,0xf6,0xd9,0xa8,0xac,0x53,0x34,0xf4,0x71,0xf7,0x73,
  0x1b,0xb9,0xa8,0x10,0x1d,0xf6,0x15,0x91,0x78,0xf7,0xe6,0x7d,0x87,0xe,0x78,0x45,
  0x1a,0xdb,0x4d,0xd2,0xf1,0xa,0xd8,0x84,0xf4,0x9e,0xce,0xff,0x18,0xf9,0x3c,0x5e,
  0x88,0x33,0x12,0xb0,0x84,0x71,0xf,0x59,0xa4,0x29,0x55,0x1e,0x72,0xf,0xd0,0x54,
  0x4,0xd3,0xb8,0xe8,0xb5,0x12,0xa7,0x66,0x5b,0x38,0x8e,0xbb,0x1b,0xc0,0x6f,0x23,
  0x1e,0x71,0xce,0x68,0xe6,0xe1,0x72,0x6,0x9b,0xb2,0x87,0xdb,0x83,0x7b,0x36,0xcd,
  0xf2,0xae,0x28,0xa0,0x53,0x14,0xaf,0x52,0x12,0xe7,0xeb,0xdb,0xe,0xbd,0x94,0x76,
  0xb,0x69,0x4a,0xc2,0xb0,0x44,0x1d,0x32,0xbf,0x1c,0x90,0x14,0x8b,0xe1,0xbb,0x49,
  0xdb,0x56,0x82,0x23,0x6d,0x2b,0x1,0x49,0x3b,0x64,0x56,0xd6,0x56,0x6b,0x2b,0xeb,
  0x19,0x65,0xf0,0x6a,0xaa,0xb6,0x65,0xe0,0x58,0xdb,0x32,0x40,0xd6,0xe,0x98,0x59,
  0x14,0xa4,0xb3,0x66,0xdc,0xa8,0x7d,0x5e,0x5,0x54,0x47,0x56,0x3,0x69,0x97,0xe6,
  0xe3,0x9c,0x77,0xed,0x90,0xdb,0xb0,0x51,0xf,0xc3,0xc,0x77,0xcc,0xb1,0xb5,0x6c,
  0xc0,0xce,0x1d,0xf0,0x43,0x6c,0x67,0x82,0x9,0x58,0x55,0x85,0x7,0xd6,0xc3,0x0,
  0xb0,0x44,0x60,0x3,0xd8,0xa,0x6,0x63,0x7b,0xc6,0xa2,0xf4,0x8d,0x58,0x49,0x8c,
  0x7b,0x51,0x43,0xd5,0x65,0x70,0x33,0xd9,0x49,0x68,0x4e,0x4c,0x40,0x7c,0xa,0xe8,
  0x5e,0xa4,0xd0,0xe9,0x8e,0x5,0xb8,0x12,0x1c,0xac,0x6d,0x4c,0xbf,0xc5,0x5,0x3f,
  0x52,0x77,0xf,0xa,0xb5,0xdb,0x59,0xdd,0x16,0xb6,0xbf,0x2b,0xd9,0xe7,0xea,0x50,
  0xd0,0x9a,0xd8,0xdd,0xdd,0x86,0xb1,0x9f,0x6d,0x18,0xf7,0x46,0x1b,0x18,0x17,0x73,
  0xc,0x49,0x67,0x2a,0xa9,0x45,0xbb,0xc1,0x1e,0x8f,0x7a,0x2a,0xe3,0x9a,0xc8,0xa6,
  0x6d,0x38,0x36,0xd3,0xc6,0x2,0x84,0xc4,0x21,0xb5,0x6,0xfe,0x19,0x4,0x59,0xa3,
  0x86,0x12,0x6f,0xf7,0x42,0xc1,0x1,0xe4,0x84,0xcf,0xea,0xc0,0xb8,0x42,0x4b,0x40,
  0x75,0x8c,0x7b,0xb8,0xd3,0x1c,0x2d,0x6c,0x18,0xf7,0xc6,0xe9,0x8f,0xc1,0xa,0xe,
  0x67,0x9e,0x44,0x9c,0xa8,0x96,0x5a,0x36,0x9d,0xc1,0xc8,0x4e,0x7a,0xc9,0x15,0x65,
  0xb8,0x4,0x48,0xd7,0x41,0xc6,0xb6,0xa8,0xbb,0x25,0xe3,0xcd,0x3a,0xa1,0x15,0xb6,
  0x2a,0x9d,0x3e,0xac,0xdf,0x67,0x55,0xbd,0x56,0x2a,0x6a,0xaa,0xc3,0xef,0xb7,0xc8,
  0xce,0x8,0xff,0x9,0x33,0x2c,0x35,0xf4,0x2e,0x42,0xd4,0x8b,0x68,0x18,0xe0,0xc0,
  0xac,0x22,0xc8,0xd6,0x6c,0xe,0x5,0x81,0xc5,0x55,0x9e,0x2e,0xe7,0x33,0x96,0x7a,
  0x33,0x53,0xdd,0xf1,0x8b,0xc0,0xb9,0x9b,0xf7,0xd3,0xdb,0x6b,0x33,0xb1,0x56,0x8f,
  0x1e,0x9a,0x9a,0xd3,0xe8,0x89,0xe,0x13,0xce,0xf7,0x1a,0x8a,0x17,0x8d,0xfa,0x7a,
  0xe0,0xd3,0x58,0xc4,0xba,0x46,0x32,0xdc,0x2a,0xce,0x69,0x4d,0x52,0x5c,0xc6,0x5,
  0xf4,0xfe,0xd8,0x9a,0xc0,0xb2,0x9d,0xe9,0x46,0xb4,0xa8,0x23,0xa1,0xe9,0x4b,0x5c,
  0x6f,0xeb,0xee,0x70,0xec,0xd4,0x78,0xba,0x3d,0xda,0x87,0xb6,0xc9,0x1d,0x6f,0x44,
  0x41,0x52,0x8e,0xcd,0x8e,0x73,0xee,0x87,0xb3,0xd,0xef,0xd8,0x9c,0xd4,0x55,0x23,
  0xe7,0xb1,0x56,0xb5,0x20,0x6d,0xd0,0x13,0xcd,0xf4,0xbd,0xf3,0xdd,0x9c,0x9d,0xab,
  0x7a,0xf6,0xee,0x6f,0x6f,0xe2,0x6d,0xb6,
    // /home/etapadmin/Masaüstü/ulakshare/ulakshare-server/icons/sendtmp.svg
  0x0,0x0,0x12,0x35,
  0x3c,
  0x3f,0x78,0x6d,0x6c,0x20,0x76,0x65,0x72,0x73,0x69,0x6f,0x6e,0x3d,0x22,0x31,0x2e,
  0x30,0x22,0x20,0x65,0x6e,0x63,0x6f,0x64,0x69,0x6e,0x67,0x3d,0x22,0x55,0x54,0x46,
  0x2d,0x38,0x22,0x20,0x73,0x74,0x61,0x6e,0x64,0x61,0x6c,0x6f,0x6e,0x65,0x3d,0x22,
  0x6e,0x6f,0x22,0x3f,0x3e,0xa,0x3c,0x21,0x2d,0x2d,0x20,0x47,0x65,0x6e,0x65,0x72,
  0x61,0x74,0x6f,0x72,0x3a,0x20,0x41,0x64,0x6f,0x62,0x65,0x20,0x49,0x6c,0x6c,0x75,
  0x73,0x74,0x72,0x61,0x74,0x6f,0x72,0x20,0x31,0x39,0x2e,0x30,0x2e,0x30,0x2c,0x20,
  0x53,0x56,0x47,0x20,0x45,0x78,0x70,0x6f,0x72,0x74,0x20,0x50,0x6c,0x75,0x67,0x2d,
  0x49,0x6e,0x20,0x2e,0x20,0x53,0x56,0x47,0x20,0x56,0x65,0x72,0x73,0x69,0x6f,0x6e,
  0x3a,0x20,0x36,0x2e,0x30,0x30,0x20,0x42,0x75,0x69,0x6c,0x64,0x20,0x30,0x29,0x20,
  0x20,0x2d,0x2d,0x3e,0xa,0xa,0x3c,0x73,0x76,0x67,0xa,0x20,0x20,0x20,0x76,0x65,
  0x72,0x73,0x69,0x6f,0x6e,0x3d,0x22,0x31,0x2e,0x31,0x22,0xa,0x20,0x20,0x20,0x69,
  0x64,0x3d,0x22,0x4c,0x61,0x79,0x65,0x72,0x5f,0x31,0x22,0xa,0x20,0x20,0x20,0x78,
  0x3d,0x22,0x30,0x70,0x78,0x22,0xa,0x20,0x20,0x20,0x79,0x3d,0x22,0x30,0x70,0x78,
  0x22,0xa,0x20,0x20,0x20,0x76,0x69,0x65,0x77,0x42,0x6f,0x78,0x3d,0x22,0x30,0x20,
  0x30,0x20,0x34,0x38,0x39,0x2e,0x38,0x20,0x34,0x38,0x39,0x2e,0x38,0x22,0xa,0x20,
  0x20,0x20,0x73,0x74,0x79,0x6c,0x65,0x3d,0x22,0x65,0x6e,0x61,0x62,0x6c,0x65,0x2d,
  0x62,0x61,0x63,0x6b,0x67,0x72,0x6f,0x75,0x6e,0x64,0x3a,0x6e,0x65,0x77,0x20,0x30,
  0x20,0x30,0x20,0x34,0x38,0x39,0x2e,0x38,0x20,0x34,0x38,0x39,0x2e,0x38,0x3b,0x22,
  0xa,0x20,0x20,0x20,0x78,0x6d,0x6c,0x3a,0x73,0x70,0x61,0x63,0x65,0x3d,0x22,0x70,
  0x72,0x65,0x73,0x65,0x72,0x76,0x65,0x22,0xa,0x20,0x20,0x20,0x73,0x6f,0x64,0x69,
  0x70,0x6f,0x64,0x69,0x3a,0x64,0x6f,0x63,0x6e,0x61,0x6d,0x65,0x3d,0x22,0x73,0x65,
  0x6e,0x64,0x74,0x6d,0x70,0x2e,0x73,0x76,0x67,0x22,0xa,0x20,0x20,0x20,0x69,0x6e,
  0x6b,0x73,0x63,0x61,0x70,0x65,0x3a,0x76,0x65,0x72,0x73,0x69,0x6f,0x6e,0x3d,0x22,
  0x31,0x2e,0x32,0x2e,0x32,0x20,0x28,0x62,0x30,0x61,0x38,0x34,0x38,0x36,0x35,0x34,
  0x31,0x2c,0x20,0x32,0x30,0x32,0x32,0x2d,0x31,0x32,0x2d,0x30,0x31,0x29,0x22,0xa,
  0x20,0x20,0x20,0x78,0x6d,0x6c,0x6e,0x73,0x3a,0x69,0x6e,0x6b,0x73,0x63,0x61,0x70,
  0x65,0x3d,0x22,0x68,0x74,0x74,0x70,0x3a,0x2f,0x2f,0x77,0x77,0x77,0x2e,0x69,0x6e,
  0x6b,0x73,0x63,0x61,0x70,0x65,0x2e,0x6f,0x72,0x67,0x2f,0x6e,0x61,0x6d,0x65,0x73,
  0x70,0x61,0x63,0x65,0x73,0x2f,0x69,0x6e,0x6b,0x73,0x63,0x61,0x70,0x65,0x22,0xa,
  0x20,0x20,0x20,0x78,0x6d,0x6c,0x6e,0x73,0x3a,0x73,0x6f,0x64,0x69,0x70,0x6f,0x64,
  0x69,0x3d,0x22,0x68,0x74,0x74,0x70,0x3a,0x2f,0x2f,0x73,0x6f,0x64,0x69,0x70,0x6f,
  0x64,0x69,0x2e,0x73,0x6f,0x75,0x72,0x63,0x65,0x66,0x6f,0x72,0x67,0x65,0x2e,0x6e,
  0x65,0x74,0x2f,0x44,0x54,0x44,0x2f,0x73,0x6f,0x64,0x69,0x70,0x6f,0x64,0x69,0x2d,
  0x30,0x2e,0x64,0x74,0x64,0x22,0xa,0x20,0x20,0x20,0x78,0x6d,0x6c,0x6e,0x73,0x3d,
  0x22,0x68,0x74,0x74,0x70,0x3a,0x2f,0x2f,0x77,0x77,0x77,0x2e,0x77,0x33,0x2e,0x6f,
  0x72,0x67,0x2f,0x32,0x30,0x30,0x30,0x2f,0x73,0x76,0x67,0x22,0xa,0x20,0x20,0x20,
  0x78,0x6d,0x6c,0x6e,0x73,0x3a,0x73,0x76,0x67,0x3d,0x22,0x68,0x74,0x74,0x70,0x3a,
  0x2f,0x2f,0x77,0x77,0x77,0x2e,0x77,0x33,0x2e,0x6f,0x72,0x67,0x2f,0x32,0x30,0x30,
  0x30,0x2f,0x73,0x76,0x67,0x22,0xa,0x20,0x20,0x20,0x78,0x6d,0x6c,0x6e,0x73,0x3a,
  0x72,0x64,0x66,0x3d,0x22,0x68,0x74,0x74,0x70,0x3a,0x2f,0x2f,0x77,0x77,0x77,0x2e,
  0x77,0x33,0x2e,0x6f,0x72,0x67,0x2f,0x31,0x39,0x39,0x39,0x2f,0x30,0x32,0x2f,0x32,
  0x32,0x2d,0x72,0x64,0x66,0x2d,0x73,0x79,0x6e,0x74,0x61,0x78,0x2d,0x6e,0x73,0x23,
  0x22,0xa,0x20,0x20,0x20,0x78,0x6d,0x6c,0x6e,0x73,0x3a,0x63,0x63,0x3d,0x22,0x68,
  0x74,0x74,0x70,0x3a,0x2f,0x2f,0x63,0x72,0x65,0x61,0x74,0x69,0x76,0x65,0x63,0x6f,
  0x6d,0x6d,0x6f,0x6e,0x73,0x2e,0x6f,0x72,0x67,0x2f,0x6e,0x73,0x23,0x22,0xa,0x20,
  0x20,0x20,0x78,0x6d,0x6c,0x6e,0x73,0x3a,0x64,0x63,0x3d,0x22,0x68,0x74,0x74,0x70,
  0x3a,0x2f,0x2f,0x70,0x75,0x72,0x6c,0x2e,0x6f,0x72,0x67,0x2f,0x64,0x63,0x2f,0x65,
  0x6c,0x65,0x6d,0x65,0x6e,0x74,0x73,0x2f,0x31,0x2e,0x31,0x2f,0x22,0x3e,0x3c,0x6d,
  0x65,0x74,0x61,0x64,0x61,0x74,0x61,0xa,0x20,0x20,0x20,0x69,0x64,0x3d,0x22,0x6d,
  0x65,0x74,0x61,0x64,0x61,0x74,0x61,0x34,0x38,0x22,0x3e,0x3c,0x72,0x64,0x66,0x3a,
  0x52,0x44,0x46,0x3e,0x3c,0x63,0x63,0x3a,0x57,0x6f,0x72,0x6b,0xa,0x20,0x20,0x20,
  0x20,0x20,0x20,0x20,0x72,0x64,0x66,0x3a,0x61,0x62,0x6f,0x75,0x74,0x3d,0x22,0x22,
  0x3e,0x3c,0x64,0x63,0x3a,0x66,0x6f,0x72,0x6d,0x61,0x74,0x3e,0x69,0x6d,0x61,0x67,
  0x65,0x2f,0x73,0x76,0x67,0x2b,0x78,0x6d,0x6c,0x3c,0x2f,0x64,0x63,0x3a,0x66,0x6f,
  0x72,0x6d,0x61,0x74,0x3e,0x3c,0x64,0x63,0x3a,0x74,0x79,0x70,0x65,0xa,0x20,0x20,
  0x20,0x20,0x20,0x20,0x20,0x20,0x20,0x72,0x64,0x66,0x3a,0x72,0x65,0x73,0x6f,0x75,
  0x72,0x63,0x65,0x3d,0x22,0x68,0x74,0x74,0x70,0x3a,0x2f,0x2f,0x70,0x75,0x72,0x6c,
  0x2e,0x6f,0x72,0x67,0x2f,0x64,0x63,0x2f,0x64,0x63,0x6d,0x69,0x74,0x79,0x70,0x65,
  0x2f,0x53,0x74,0x69,0x6c,0x6c,0x49,0x6d,0x61,0x67,0x65,0x22,0x20,0x2f,0x3e,0x3c,
  0x2f,0x63,0x63,0x3a,0x57,0x6f,0x72,0x6b,0x3e,0x3c,0x2f,0x72,0x64,0x66,0x3a,0x52,
  0x44,0x46,0x3e,0x3c,0x2f,0x6d,0x65,0x74,0x61,0x64,0x61,0x74,0x61,0x3e,0x3c,0x64,
  0x65,0x66,0x73,0xa,0x20,0x20,0x20,0x69,0x64,0x3d,0x22,0x64,0x65,0x66,0x73,0x34,
  0x36,0x22,0x20,0x2f,0x3e,0x3c,0x73,0x6f,0x64,0x69,0x70,0x6f,0x64,0x69,0x3a,0x6e,
  0x61,0x6d,0x65,0x64,0x76,0x69,0x65,0x77,0xa,0x20,0x20,0x20,0x70,0x61,0x67,0x65,
  0x63,0x6f,0x6c,0x6f,0x72,0x3d,0x22,0x23,0x66,0x66,0x66,0x66,0x66,0x66,0x22,0xa,
  0x20,0x20,0x20,0x62,0x6f,0x72,0x64,0x65,0x72,0x63,0x6f,0x6c,0x6f,0x72,0x3d,0x22,
  0x23,0x36,0x36,0x36,0x36,0x36,0x36,0x22,0xa,0x20,0x20,0x20,0x62,0x6f,0x72,0x64,
  0x65,0x72,0x6f,0x70,0x61,0x63,0x69,0x74,0x79,0x3d,0x22,0x31,0x22,0xa,0x20,0x20,
  0x20,0x6f,0x62,0x6a,0x65,0x63,0x74,0x74,0x6f,0x6c,0x65,0x72,0x61,0x6e,0x63,0x65,
  0x3d,0x22,0x31,0x30,0x22,0xa,0x20,0x20,0x20,0x67,0x72,0x69,0x64,0x74,0x6f,0x6c,
  0x65,0x72,0x61,0x6e,0x63,0x65,0x3d,0x22,0x31,0x30,0x22,0xa,0x20,0x20,0x20,0x67,
  0x75,0x69,0x64,0x65,0x74,0x6f,0x6c,0x65,0x72,0x61,0x6e,0x63,0x65,0x3d,0x22,0x31,
  0x30,0x22,0xa,0x20,0x20,0x20,0x69,0x6e,0x6b,0x73,0x63,0x61,0x70,0x65,0x3a,0x70,
  0x61,0x67,0x65,0x6f,0x70,0x61,0x63,0x69,0x74,0x79,0x3d,0x22,0x30,0x22,0xa,0x20,
  0x20,0x20,0x69,0x6e,0x6b,0x73,0x63,0x61,0x70,0x65,0x3a,0x70,0x61,0x67,0x65,0x73,
  0x68,0x61,0x64,0x6f,0x77,0x3d,0x22,0x32,0x22,0xa,0x20,0x20,0x20,0x69,0x6e,0x6b,
  0x73,0x63,0x61,0x70,0x65,0x3a,0x77,0x69,0x6e,0x64,0x6f,0x77,0x2d,0x77,0x69,0x64,
  0x74,0x68,0x3d,0x22,0x31,0x33,0x36,0x36,0x22,0xa,0x20,0x20,0x20,0x69,0x6e,0x6b,
  0x73,0x63,0x61,0x70,0x65,0x3a,0x77,0x69,0x6e,0x64,0x6f,0x77,0x2d,0x68,0x65,0x69,
  0x67,0x68,0x74,0x3d,0x22,0x36,0x36,0x37,0x22,0xa,0x20,0x20,0x20,0x69,0x64,0x3d,
  0x22,0x6e,0x61,0x6d,0x65,0x64,0x76,0x69,0x65,0x77,0x34,0x34,0x22,0xa,0x20,0x20,
  0x20,0x73,0x68,0x6f,0x77,0x67,0x72,0x69,0x64,0x3d,0x22,0x66,0x61,0x6c,0x73,0x65,
  0x22,0xa,0x20,0x20,0x20,0x69,0x6e,0x6b,0x73,0x63,0x61,0x70,0x65,0x3a,0x7a,0x6f,
  0x6f,0x6d,0x3d,0x22,0x30,0x2e,0x34,0x38,0x31,0x38,0x32,0x39,0x33,0x33,0x22,0xa,
  0x20,0x20,0x20,0x69,0x6e,0x6b,0x73,0x63,0x61,0x70,0x65,0x3a,0x63,0x78,0x3d,0x22,
  0x32,0x32,0x36,0x2e,0x32,0x32,0x31,0x31,0x38,0x22,0xa,0x20,0x20,0x20,0x69,0x6e,
  0x6b,0x73,0x63,0x61,0x70,0x65,0x3a,0x63,0x79,0x3d,0x22,0x32,0x34,0x34,0x2e,0x38,
  0x39,0x39,0x39,0x39,0x22,0xa,0x20,0x20,0x20,0x69,0x6e,0x6b,0x73,0x63,0x61,0x70,
  0x65,0x3a,0x77,0x69,0x6e,0x64,0x6f,0x77,0x2d,0x78,0x3d,0x22,0x30,0x22,0xa,0x20,
  0x20,0x20,0x69,0x6e,0x6b,0x73,0x63,0x61,0x70,0x65,0x3a,0x77,0x69,0x6e,0x64,0x6f,
  0x77,0x2d,0x79,0x3d,0x22,0x30,0x22,0xa,0x20,0x20,0x20,0x69,0x6e,0x6b,0x73,0x63,
  0x61,0x70,0x65,0x3a,0x77,0x69,0x6e,0x64,0x6f,0x77,0x2d,0x6d,0x61,0x78,0x69,0x6d,
  0x69,0x7a,0x65,0x64,0x3d,0x22,0x31,0x22,0xa,0x20,0x20,0x20,0x69,0x6e,0x6b,0x73,
  0x63,0x61,0x70,0x65,0x3a,0x63,0x75,0x72,0x72,0x65,0x6e,0x74,0x2d,0x6c,0x61,0x79,
  0x65,0x72,0x3d,0x22,0x4c,0x61,0x79,0x65,0x72,0x5f,0x31,0x22,0xa,0x20,0x20,0x20,
  0x69,0x6e,0x6b,0x73,0x63,0x61,0x70,0x65,0x3a,0x73,0x68,0x6f,0x77,0x70,0x61,0x67,
  0x65,0x73,0x68,0x61,0x64,0x6f,0x77,0x3d,0x22,0x32,0x22,0xa,0x20,0x20,0x20,0x69,
  0x6e,0x6b,0x73,0x63,0x61,0x70,0x65,0x3a,0x70,0x61,0x67,0x65,0x63,0x68,0x65,0x63,
  0x6b,0x65,0x72,0x62,0x6f,0x61,0x72,0x64,0x3d,0x22,0x30,0x22,0xa,0x20,0x20,0x20,
  0x69,0x6e,0x6b,0x73,0x63,0x61,0x70,0x65,0x3a,0x64,0x65,0x73,0x6b,0x63,0x6f,0x6c,
  0x6f,0x72,0x3d,0x22,0x23,0x64,0x31,0x64,0x31,0x64,0x31,0x22,0x20,0x2f,0x3e,0xa,
  0x3c,0x67,0xa,0x20,0x20,0x20,0x69,0x64,0x3d,0x22,0x67,0x31,0x31,0x22,0xa,0x20,
  0x20,0x20,0x74,0x72,0x61,0x6e,0x73,0x66,0x6f,0x72,0x6d,0x3d,0x22,0x6d,0x61,0x74,
  0x72,0x69,0x78,0x28,0x30,0x2e,0x38,0x39,0x38,0x33,0x30,0x35,0x30,0x39,0x2c,0x30,
  0x2c,0x30,0x2c,0x30,0x2e,0x37,0x39,0x30,0x31,0x34,0x39,0x33,0x2c,0x32,0x34,0x2e,
  0x39,0x30,0x35,0x30,0x37,0x37,0x2c,0x2d,0x31,0x30,0x2e,0x38,0x37,0x30,0x32,0x38,
  0x29,0x22,0x3e,0xa,0x9,0x3c,0x67,0xa,0x20,0x20,0x20,0x69,0x64,0x3d,0x22,0x67,
  0x39,0x22,0x3e,0xa,0x9,0x9,0x3c,0x70,0x61,0x74,0x68,0xa,0x20,0x20,0x20,0x69,
  0x64,0x3d,0x22,0x58,0x4d,0x4c,0x49,0x44,0x5f,0x32,0x30,0x34,0x39,0x5f,0x22,0xa,
  0x20,0x20,0x20,0x73,0x74,0x79,0x6c,0x65,0x3d,0x22,0x66,0x69,0x6c,0x6c,0x3a,0x23,
  0x33,0x63,0x39,0x32,0x63,0x61,0x22,0xa,0x20,0x20,0x20,0x64,0x3d,0x22,0x4d,0x20,
  0x33,0x34,0x30,0x2c,0x32,0x31,0x31,0x2e,0x39,0x20,0x48,0x20,0x31,0x34,0x39,0x2e,
  0x36,0x20,0x63,0x20,0x2d,0x36,0x2e,0x36,0x2c,0x30,0x20,0x2d,0x31,0x32,0x2c,0x2d,
  0x35,0x2e,0x34,0x20,0x2d,0x31,0x32,0x2c,0x2d,0x31,0x32,0x20,0x56,0x20,0x36,0x38,
  0x2e,0x31,0x20,0x63,0x20,0x30,0x2c,0x2d,0x36,0x2e,0x36,0x20,0x35,0x2e,0x34,0x2c,
  0x2d,0x31,0x32,0x20,0x31,0x32,0x2c,0x2d,0x31,0x32,0x20,0x48,0x20,0x33,0x34,0x30,
  0x20,0x63,0x20,0x36,0x2e,0x36,0x2c,0x30,0x20,0x31,0x32,0x2c,0x35,0x2e,0x34,0x20,
  0x31,0x32,0x2c,0x31,0x32,0x20,0x76,0x20,0x31,0x33,0x31,0x2e,0x38,0x20,0x63,0x20,
  0x30,0x2c,0x36,0x2e,0x36,0x20,0x2d,0x35,0x2e,0x34,0x2c,0x31,0x32,0x20,0x2d,0x31,
  0x32,0x2c,0x31,0x32,0x20,0x7a,0x22,0x20,0x2f,0x3e,0xa,0x9,0x9,0x3c,0x70,0x61,
  0x74,0x68,0xa,0x20,0x20,0x20,0x64,0x3d,0x22,0x6d,0x20,0x32,0x35,0x2e,0x33,0x2c,
  0x34,0x34,0x32,0x2e,0x37,0x20,0x68,0x20,0x39,0x31,0x2e,0x32,0x20,0x63,0x20,0x31,
  0x34,0x2c,0x30,0x20,0x32,0x35,0x2e,0x33,0x2c,0x2d,0x31,0x31,0x2e,0x34,0x20,0x32,
  0x35,0x2e,0x33,0x2c,0x2d,0x32,0x35,0x2e,0x33,0x20,0x56,0x20,0x33,0x36,0x38,0x20,
  0x63,0x20,0x30,0x2c,0x2d,0x31,0x34,0x20,0x2d,0x31,0x31,0x2e,0x34,0x2c,0x2d,0x32,
  0x35,0x2e,0x33,0x20,0x2d,0x32,0x35,0x2e,0x33,0x2c,0x2d,0x32,0x35,0x2e,0x33,0x20,
  0x48,0x20,0x38,0x30,0x20,0x56,0x20,0x33,0x30,0x30,0x20,0x63,0x20,0x30,0x2c,0x2d,
  0x37,0x2e,0x35,0x20,0x36,0x2e,0x31,0x2c,0x2d,0x31,0x33,0x2e,0x37,0x20,0x31,0x33,
  0x2e,0x37,0x2c,0x2d,0x31,0x33,0x2e,0x37,0x20,0x68,0x20,0x31,0x34,0x32,0x2e,0x31,
  0x20,0x76,0x20,0x35,0x36,0x2e,0x34,0x20,0x68,0x20,0x2d,0x33,0x36,0x2e,0x35,0x20,
  0x63,0x20,0x2d,0x31,0x34,0x2c,0x30,0x20,0x2d,0x32,0x35,0x2e,0x33,0x2c,0x31,0x31,
  0x2e,0x34,0x20,0x2d,0x32,0x35,0x2e,0x33,0x2c,0x32,0x35,0x2e,0x33,0x20,0x76,0x20,
  0x34,0x39,0x2e,0x34,0x20,0x63,0x20,0x30,0x2c,0x31,0x34,0x20,0x31,0x31,0x2e,0x34,
  0x2c,0x32,0x35,0x2e,0x33,0x20,0x32,0x35,0x2e,0x33,0x2c,0x32,0x35,0x2e,0x33,0x20,
  0x68,0x20,0x39,0x31,0x2e,0x32,0x20,0x63,0x20,0x31,0x34,0x2c,0x30,0x20,0x32,0x35,
  0x2e,0x33,0x2c,0x2d,0x31,0x31,0x2e,0x34,0x20,0x32,0x35,0x2e,0x33,0x2c,0x2d,0x32,
  0x35,0x2e,0x33,0x20,0x56,0x20,0x33,0x36,0x38,0x20,0x63,0x20,0x30,0x2c,0x2d,0x31,
  0x34,0x20,0x2d,0x31,0x31,0x2e,0x34,0x2c,0x2d,0x32,0x35,0x2e,0x33,0x20,0x2d,0x32,
  0x35,0x2e,0x33,0x2c,0x2d,0x32,0x35,0x2e,0x33,0x20,0x48,0x20,0x32,0x35,0x34,0x20,
  0x76,0x20,0x2d,0x35,0x36,0x2e,0x34,0x20,0x68,0x20,0x31,0x34,0x32,0x2e,0x31,0x20,
  0x63,0x20,0x37,0x2e,0x35,0x2c,0x30,0x20,0x31,0x33,0x2e,0x37,0x2c,0x36,0x2e,0x31,
  0x20,0x31,0x33,0x2e,0x37,0x2c,0x31,0x33,0x2e,0x37,0x20,0x76,0x20,0x34,0x32,0x2e,
  0x37,0x20,0x68,0x20,0x2d,0x33,0x36,0x2e,0x35,0x20,0x63,0x20,0x2d,0x31,0x34,0x2c,
  0x30,0x20,0x2d,0x32,0x35,0x2e,0x33,0x2c,0x31,0x31,0x2e,0x34,0x20,0x2d,0x32,0x35,
  0x2e,0x33,0x2c,0x32,0x35,0x2e,0x33,0x20,0x76,0x20,0x34,0x39,0x2e,0x34,0x20,0x63,
  0x20,0x30,0x2c,0x31,0x34,0x20,0x31,0x31,0x2e,0x34,0x2c,0x32,0x35,0x2e,0x33,0x20,
  0x32,0x35,0x2e,0x33,0x2c,0x32,0x35,0x2e,0x33,0x20,0x68,0x20,0x39,0x31,0x2e,0x32,
  0x20,0x63,0x20,0x31,0x34,0x2c,0x30,0x20,0x32,0x35,0x2e,0x33,0x2c,0x2d,0x31,0x31,
  0x2e,0x34,0x20,0x32,0x35,0x2e,0x33,0x2c,0x2d,0x32,0x35,0x2e,0x33,0x20,0x56,0x20,
  0x33,0x36,0x38,0x20,0x63,0x20,0x30,0x2c,0x2d,0x31,0x34,0x20,0x2d,0x31,0x31,0x2e,
  0x34,0x2c,0x2d,0x32,0x35,0x2e,0x33,0x20,0x2d,0x32,0x35,0x2e,0x33,0x2c,0x2d,0x32,
  0x35,0x2e,0x33,0x20,0x48,0x20,0x34,0x32,0x38,0x20,0x56,0x20,0x33,0x30,0x30,0x20,
  0x63,0x20,0x30,0x2c,0x2d,0x31,0x37,0x2e,0x35,0x20,0x2d,0x31,0x34,0x2e,0x33,0x2c,
  0x2d,0x33,0x31,0x2e,0x38,0x20,0x2d,0x33,0x31,0x2e,0x38,0x2c,0x2d,0x33,0x31,0x2e,
  0x38,0x20,0x48,0x20,0x32,0x35,0x33,0x2e,0x39,0x20,0x76,0x20,0x2d,0x34,0x37,0x2e,
  0x33,0x20,0x68,0x20,0x37,0x34,0x20,0x63,0x20,0x31,0x38,0x2e,0x33,0x2c,0x30,0x20,
  0x33,0x33,0x2e,0x32,0x2c,0x2d,0x31,0x34,0x2e,0x39,0x20,0x33,0x33,0x2e,0x32,0x2c,
  0x2d,0x33,0x33,0x2e,0x32,0x20,0x56,0x20,0x38,0x30,0x2e,0x33,0x20,0x43,0x20,0x33,
  0x36,0x31,0x2e,0x31,0x2c,0x36,0x32,0x20,0x33,0x34,0x36,0x2e,0x32,0x2c,0x34,0x37,
  0x2e,0x31,0x20,0x33,0x32,0x37,0x2e,0x39,0x2c,0x34,0x37,0x2e,0x31,0x20,0x48,0x20,
  0x31,0x36,0x31,0x2e,0x38,0x20,0x63,0x20,0x2d,0x31,0x38,0x2e,0x33,0x2c,0x30,0x20,
  0x2d,0x33,0x33,0x2e,0x32,0x2c,0x31,0x34,0x2e,0x39,0x20,0x2d,0x33,0x33,0x2e,0x32,
  0x2c,0x33,0x33,0x2e,0x32,0x20,0x76,0x20,0x31,0x30,0x37,0x2e,0x34,0x20,0x63,0x20,
  0x30,0x2c,0x31,0x38,0x2e,0x33,0x20,0x31,0x34,0x2e,0x39,0x2c,0x33,0x33,0x2e,0x32,
  0x20,0x33,0x33,0x2e,0x32,0x2c,0x33,0x33,0x2e,0x32,0x20,0x68,0x20,0x37,0x34,0x20,
  0x76,0x20,0x34,0x37,0x2e,0x32,0x20,0x48,0x20,0x39,0x33,0x2e,0x37,0x20,0x63,0x20,
  0x2d,0x31,0x37,0x2e,0x35,0x2c,0x30,0x20,0x2d,0x33,0x31,0x2e,0x38,0x2c,0x31,0x34,
  0x2e,0x33,0x20,0x2d,0x33,0x31,0x2e,0x38,0x2c,0x33,0x31,0x2e,0x38,0x20,0x76,0x20,
  0x34,0x32,0x2e,0x37,0x20,0x48,0x20,0x32,0x35,0x2e,0x33,0x20,0x43,0x20,0x31,0x31,
  0x2e,0x33,0x2c,0x33,0x34,0x32,0x2e,0x36,0x20,0x30,0x2c,0x33,0x35,0x34,0x20,0x30,
  0x2c,0x33,0x36,0x37,0x2e,0x39,0x20,0x76,0x20,0x34,0x39,0x2e,0x34,0x20,0x63,0x20,
  0x30,0x2c,0x31,0x34,0x2e,0x31,0x20,0x31,0x31,0x2e,0x34,0x2c,0x32,0x35,0x2e,0x34,
  0x20,0x32,0x35,0x2e,0x33,0x2c,0x32,0x35,0x2e,0x34,0x20,0x7a,0x20,0x4d,0x20,0x32,
  0x39,0x37,0x2e,0x36,0x2c,0x33,0x36,0x38,0x20,0x76,0x20,0x34,0x39,0x2e,0x34,0x20,
  0x63,0x20,0x30,0x2c,0x34,0x20,0x2d,0x33,0x2e,0x32,0x2c,0x37,0x2e,0x32,0x20,0x2d,
  0x37,0x2e,0x32,0x2c,0x37,0x2e,0x32,0x20,0x68,0x20,0x2d,0x39,0x31,0x2e,0x32,0x20,
  0x63,0x20,0x2d,0x34,0x2c,0x30,0x20,0x2d,0x37,0x2e,0x32,0x2c,0x2d,0x33,0x2e,0x32,
  0x20,0x2d,0x37,0x2e,0x32,0x2c,0x2d,0x37,0x2e,0x32,0x20,0x56,0x20,0x33,0x36,0x38,
  0x20,0x63,0x20,0x30,0x2c,0x2d,0x34,0x20,0x33,0x2e,0x32,0x2c,0x2d,0x37,0x2e,0x32,
  0x20,0x37,0x2e,0x32,0x2c,0x2d,0x37,0x2e,0x32,0x20,0x68,0x20,0x39,0x31,0x2e,0x32,
  0x20,0x63,0x20,0x34,0x2c,0x30,0x20,0x37,0x2e,0x32,0x2c,0x33,0x2e,0x33,0x20,0x37,
  0x2e,0x32,0x2c,0x37,0x2e,0x32,0x20,0x7a,0x20,0x6d,0x20,0x31,0x37,0x33,0x2e,0x39,
  0x2c,0x30,0x20,0x76,0x20,0x34,0x39,0x2e,0x34,0x20,0x63,0x20,0x30,0x2c,0x34,0x20,
  0x2d,0x33,0x2e,0x32,0x2c,0x37,0x2e,0x32,0x20,0x2d,0x37,0x2e,0x32,0x2c,0x37,0x2e,
  0x32,0x20,0x68,0x20,0x2d,0x39,0x31,0x2e,0x32,0x20,0x63,0x20,0x2d,0x34,0x2c,0x30,
  0x20,0x2d,0x37,0x2e,0x32,0x2c,0x2d,0x33,0x2e,0x32,0x20,0x2d,0x37,0x2e,0x32,0x2c,
  0x2d,0x37,0x2e,0x32,0x20,0x56,0x20,0x33,0x36,0x38,0x20,0x63,0x20,0x30,0x2c,0x2d,
  0x34,0x20,0x33,0x2e,0x32,0x2c,0x2d,0x37,0x2e,0x32,0x20,0x37,0x2e,0x32,0x2c,0x2d,
  0x37,0x2e,0x32,0x20,0x68,0x20,0x39,0x31,0x2e,0x32,0x20,0x63,0x20,0x33,0x2e,0x39,
  0x2c,0x30,0x20,0x37,0x2e,0x32,0x2c,0x33,0x2e,0x33,0x20,0x37,0x2e,0x32,0x2c,0x37,
  0x2e,0x32,0x20,0x7a,0x20,0x4d,0x20,0x31,0x34,0x36,0x2e,0x37,0x2c,0x31,0x38,0x37,
  0x2e,0x37,0x20,0x56,0x20,0x38,0x30,0x2e,0x33,0x20,0x63,0x20,0x30,0x2c,0x2d,0x38,
  0x2e,0x33,0x20,0x36,0x2e,0x38,0x2c,0x2d,0x31,0x35,0x2e,0x31,0x20,0x31,0x35,0x2e,
  0x31,0x2c,0x2d,0x31,0x35,0x2e,0x31,0x20,0x68,0x20,0x31,0x36,0x36,0x20,0x63,0x20,
  0x38,0x2e,0x33,0x2c,0x30,0x20,0x31,0x35,0x2e,0x31,0x2c,0x36,0x2e,0x38,0x20,0x31,
  0x35,0x2e,0x31,0x2c,0x31,0x35,0x2e,0x31,0x20,0x76,0x20,0x31,0x30,0x37,0x2e,0x34,
  0x20,0x63,0x20,0x30,0x2c,0x38,0x2e,0x33,0x20,0x2d,0x36,0x2e,0x38,0x2c,0x31,0x35,
  0x2e,0x31,0x20,0x2d,0x31,0x35,0x2e,0x31,0x2c,0x31,0x35,0x2e,0x31,0x20,0x68,0x20,
  0x2d,0x31,0x36,0x36,0x20,0x63,0x20,0x2d,0x38,0x2e,0x34,0x2c,0x30,0x20,0x2d,0x31,
  0x35,0x2e,0x31,0x2c,0x2d,0x36,0x2e,0x38,0x20,0x2d,0x31,0x35,0x2e,0x31,0x2c,0x2d,
  0x31,0x35,0x2e,0x31,0x20,0x7a,0x20,0x4d,0x20,0x31,0x38,0x2e,0x31,0x2c,0x33,0x36,
  0x38,0x20,0x63,0x20,0x30,0x2c,0x2d,0x34,0x20,0x33,0x2e,0x32,0x2c,0x2d,0x37,0x2e,
  0x32,0x20,0x37,0x2e,0x32,0x2c,0x2d,0x37,0x2e,0x32,0x20,0x68,0x20,0x39,0x31,0x2e,
  0x32,0x20,0x63,0x20,0x34,0x2c,0x30,0x20,0x37,0x2e,0x32,0x2c,0x33,0x2e,0x32,0x20,
  0x37,0x2e,0x32,0x2c,0x37,0x2e,0x32,0x20,0x76,0x20,0x34,0x39,0x2e,0x34,0x20,0x63,
  0x20,0x30,0x2c,0x34,0x20,0x2d,0x33,0x2e,0x32,0x2c,0x37,0x2e,0x32,0x20,0x2d,0x37,
  0x2e,0x32,0x2c,0x37,0x2e,0x32,0x20,0x48,0x20,0x32,0x35,0x2e,0x33,0x20,0x63,0x20,
  0x2d,0x34,0x2c,0x30,0x20,0x2d,0x37,0x2e,0x32,0x2c,0x2d,0x33,0x2e,0x32,0x20,0x2d,
  0x37,0x2e,0x32,0x2c,0x2d,0x37,0x2e,0x32,0x20,0x30,0x2c,0x30,0x20,0x30,0x2c,0x2d,
  0x34,0x39,0x2e,0x34,0x20,0x30,0x2c,0x2d,0x34,0x39,0x2e,0x34,0x20,0x7a,0x22,0xa,
  0x20,0x20,0x20,0x69,0x64,0x3d,0x22,0x70,0x61,0x74,0x68,0x33,0x22,0x20,0x2f,0x3e,
  0xa,0x9,0x9,0x3c,0x70,0x61,0x74,0x68,0xa,0x20,0x20,0x20,0x64,0x3d,0x22,0x6d,
  0x20,0x31,0x39,0x37,0x2e,0x31,0x2c,0x31,0x32,0x32,0x2e,0x31,0x20,0x68,0x20,0x39,
  0x35,0x2e,0x34,0x20,0x63,0x20,0x35,0x2c,0x30,0x20,0x39,0x2e,0x31,0x2c,0x2d,0x34,
  0x2e,0x31,0x20,0x39,0x2e,0x31,0x2c,0x2d,0x39,0x2e,0x31,0x20,0x30,0x2c,0x2d,0x35,
  0x20,0x2d,0x34,0x2e,0x31,0x2c,0x2d,0x39,0x2e,0x31,0x20,0x2d,0x39,0x2e,0x31,0x2c,
  0x2d,0x39,0x2e,0x31,0x20,0x68,0x20,0x2d,0x39,0x35,0x2e,0x34,0x20,0x63,0x20,0x2d,
  0x35,0x2c,0x30,0x20,0x2d,0x39,0x2e,0x31,0x2c,0x34,0x2e,0x31,0x20,0x2d,0x39,0x2e,
  0x31,0x2c,0x39,0x2e,0x31,0x20,0x30,0x2c,0x35,0x20,0x34,0x2e,0x31,0x2c,0x39,0x2e,
  0x31,0x20,0x39,0x2e,0x31,0x2c,0x39,0x2e,0x31,0x20,0x7a,0x22,0xa,0x20,0x20,0x20,
  0x69,0x64,0x3d,0x22,0x70,0x61,0x74,0x68,0x35,0x22,0x20,0x2f,0x3e,0xa,0x9,0x9,
  0x3c,0x70,0x61,0x74,0x68,0xa,0x20,0x20,0x20,0x64,0x3d,0x22,0x6d,0x20,0x33,0x30,
  0x31,0x2e,0x36,0x2c,0x31,0x35,0x34,0x2e,0x39,0x20,0x63,0x20,0x30,0x2c,0x2d,0x35,
  0x20,0x2d,0x34,0x2e,0x31,0x2c,0x2d,0x39,0x2e,0x31,0x20,0x2d,0x39,0x2e,0x31,0x2c,
  0x2d,0x39,0x2e,0x31,0x20,0x68,0x20,0x2d,0x39,0x35,0x2e,0x34,0x20,0x63,0x20,0x2d,
  0x35,0x2c,0x30,0x20,0x2d,0x39,0x2e,0x31,0x2c,0x34,0x2e,0x31,0x20,0x2d,0x39,0x2e,
  0x31,0x2c,0x39,0x2e,0x31,0x20,0x30,0x2c,0x35,0x20,0x34,0x2e,0x31,0x2c,0x39,0x2e,
  0x31,0x20,0x39,0x2e,0x31,0x2c,0x39,0x2e,0x31,0x20,0x68,0x20,0x39,0x35,0x2e,0x34,
  0x20,0x63,0x20,0x35,0x2c,0x30,0x20,0x39,0x2e,0x31,0x2c,0x2d,0x34,0x2e,0x31,0x20,
  0x39,0x2e,0x31,0x2c,0x2d,0x39,0x2e,0x31,0x20,0x7a,0x22,0xa,0x20,0x20,0x20,0x69,
  0x64,0x3d,0x22,0x70,0x61,0x74,0x68,0x37,0x22,0x20,0x2f,0x3e,0xa,0x9,0x3c,0x2f,
  0x67,0x3e,0xa,0x3c,0x2f,0x67,0x3e,0xa,0x3c,0x67,0xa,0x20,0x20,0x20,0x69,0x64,
  0x3d,0x22,0x67,0x31,0x33,0x22,0x3e,0xa,0x3c,0x2f,0x67,0x3e,0xa,0x3c,0x67,0xa,
  0x20,0x20,0x20,0x69,0x64,0x3d,0x22,0x67,0x31,0x35,0x22,0x3e,0xa,0x3c,0x2f,0x67,
  0x3e,0xa,0x3c,0x67,0xa,0x20,0x20,0x20,0x69,0x64,0x3d,0x22,0x67,0x31,0x37,0x22,
  0x3e,0xa,0x3c,0x2f,0x67,0x3e,0xa,0x3c,0x67,0xa,0x20,0x20,0x20,0x69,0x64,0x3d,
  0x22,0x67,0x31,0x39,0x22,0x3e,0xa,0x3c,0x2f,0x67,0x3e,0xa,0x3c,0x67,0xa,0x20,
  0x20,0x20,0x69,0x64,0x3d,0x22,0x67,0x32,0x31,0x22,0x3e,0xa,0x3c,0x2f,0x67,0x3e,
  0xa,0x3c,0x67,0xa,0x20,0x20,0x20,0x69,0x64,0x3d,0x22,0x67,0x32,0x33,0x22,0x3e,
  0xa,0x3c,0x2f,0x67,0x3e,0xa,0x3c,0x67,0xa,0x20,0x20,0x20,0x69,0x64,0x3d,0x22,
  0x67,0x32,0x35,0x22,0x3e,0xa,0x3c,0x2f,0x67,0x3e,0xa,0x3c,0x67,0xa,0x20,0x20,
  0x20,0x69,0x64,0x3d,0x22,0x67,0x32,0x37,0x22,0x3e,0xa,0x3c,0x2f,0x67,0x3e,0xa,
  0x3c,0x67,0xa,0x20,0x20,0x20,0x69,0x64,0x3d,0x22,0x67,0x32,0x39,0x22,0x3e,0xa,
  0x3c,0x2f,0x67,0x3e,0xa,0x3c,0x67,0xa,0x20,0x20,0x20,0x69,0x64,0x3d,0x22,0x67,
  0x33,0x31,0x22,0x3e,0xa,0x3c,0x2f,0x67,0x3e,0xa,0x3c,0x67,0xa,0x20,0x20,0x20,
  0x69,0x64,0x3d,0x22,0x67,0x33,0x33,0x22,0x3e,0xa,0x3c,0x2f,0x67,0x3e,0xa,0x3c,
  0x67,0xa,0x20,0x20,0x20,0x69,0x64,0x3d,0x22,0x67,0x33,0x35,0x22,0x3e,0xa,0x3c,
  0x2f,0x67,0x3e,0xa,0x3c,0x67,0xa,0x20,0x20,0x20,0x69,0x64,0x3d,0x22,0x67,0x33,
  0x37,0x22,0x3e,0xa,0x3c,0x2f,0x67,0x3e,0xa,0x3c,0x67,0xa,0x20,0x20,0x20,0x69,
  0x64,0x3d,0x22,0x67,0x33,0x39,0x22,0x3e,0xa,0x3c,0x2f,0x67,0x3e,0xa,0x3c,0x67,
  0xa,0x20,0x20,0x20,0x69,0x64,0x3d,0x22,0x67,0x34,0x31,0x22,0x3e,0xa,0x3c,0x2f,
  0x67,0x3e,0xa,0xa,0x3c,0x74,0x65,0x78,0x74,0xa,0x20,0x20,0x20,0x78,0x6d,0x6c,
  0x3a,0x73,0x70,0x61,0x63,0x65,0x3d,0x22,0x70,0x72,0x65,0x73,0x65,0x72,0x76,0x65,
  0x22,0xa,0x20,0x20,0x20,0x73,0x74,0x79,0x6c,0x65,0x3d,0x22,0x66,0x6f,0x6e,0x74,
  0x2d,0x73,0x74,0x79,0x6c,0x65,0x3a,0x6e,0x6f,0x72,0x6d,0x61,0x6c,0x3b,0x66,0x6f,
  0x6e,0x74,0x2d,0x77,0x65,0x69,0x67,0x68,0x74,0x3a,0x6e,0x6f,0x72,0x6d,0x61,0x6c,
  0x3b,0x66,0x6f,0x6e,0x74,0x2d,0x73,0x69,0x7a,0x65,0x3a,0x39,0x31,0x2e,0x33,0x33,
  0x34,0x39,0x70,0x78,0x3b,0x6c,0x69,0x6e,0x65,0x2d,0x68,0x65,0x69,0x67,0x68,0x74,
  0x3a,0x31,0x2e,0x32,0x35,0x3b,0x66,0x6f,0x6e,0x74,0x2d,0x66,0x61,0x6d,0x69,0x6c,
  0x79,0x3a,0x73,0x61,0x6e,0x73,0x2d,0x73,0x65,0x72,0x69,0x66,0x3b,0x6c,0x65,0x74,
  0x74,0x65,0x72,0x2d,0x73,0x70,0x61,0x63,0x69,0x6e,0x67,0x3a,0x30,0x70,0x78,0x3b,
  0x77,0x6f,0x72,0x64,0x2d,0x73,0x70,0x61,0x63,0x69,0x6e,0x67,0x3a,0x30,0x70,0x78,
  0x3b,0x66,0x69,0x6c,0x6c,0x3a,0x23,0x30,0x30,0x30,0x30,0x33,0x33,0x3b,0x66,0x69,
  0x6c,0x6c,0x2d,0x6f,0x70,0x61,0x63,0x69,0x74,0x79,0x3a,0x31,0x3b,0x73,0x74,0x72,
  0x6f,0x6b,0x65,0x3a,0x6e,0x6f,0x6e,0x65,0x3b,0x73,0x74,0x72,0x6f,0x6b,0x65,0x2d,
  0x77,0x69,0x64,0x74,0x68,0x3a,0x32,0x2e,0x32,0x38,0x33,0x33,0x37,0x22,0xa,0x20,
  0x20,0x20,0x78,0x3d,0x22,0x32,0x32,0x39,0x2e,0x30,0x38,0x31,0x35,0x22,0xa,0x20,
  0x20,0x20,0x79,0x3d,0x22,0x33,0x32,0x38,0x2e,0x31,0x31,0x36,0x39,0x34,0x22,0xa,
  0x20,0x20,0x20,0x69,0x64,0x3d,0x22,0x74,0x65,0x78,0x74,0x38,0x36,0x30,0x2d,0x33,
  0x22,0xa,0x20,0x20,0x20,0x74,0x72,0x61,0x6e,0x73,0x66,0x6f,0x72,0x6d,0x3d,0x22,
  0x73,0x63,0x61,0x6c,0x65,0x28,0x30,0x2e,0x37,0x32,0x30,0x37,0x36,0x31,0x37,0x31,
  0x2c,0x31,0x2e,0x33,0x38,0x37,0x34,0x32,0x31,0x31,0x29,0x22,0x3e,0x3c,0x74,0x73,
  0x70,0x61,0x6e,0xa,0x20,0x20,0x20,0x20,0x20,0x73,0x6f,0x64,0x69,0x70,0x6f,0x64,
  0x69,0x3a,0x72,0x6f,0x6c,0x65,0x3d,0x22,0x6c,0x69,0x6e,0x65,0x22,0xa,0x20,0x20,
  0x20,0x20,0x20,0x69,0x64,0x3d,0x22,0x74,0x73,0x70,0x61,0x6e,0x38,0x35,0x38,0x2d,
  0x36,0x22,0xa,0x20,0x20,0x20,0x20,0x20,0x78,0x3d,0x22,0x32,0x32,0x39,0x2e,0x30,
  0x38,0x31,0x35,0x22,0xa,0x20,0x20,0x20,0x20,0x20,0x79,0x3d,0x22,0x33,0x32,0x38,
  0x2e,0x31,0x31,0x36,0x39,0x34,0x22,0xa,0x20,0x20,0x20,0x20,0x20,0x73,0x74,0x79,
  0x6c,0x65,0x3d,0x22,0x66,0x6f,0x6e,0x74,0x2d,0x73,0x74,0x79,0x6c,0x65,0x3a,0x6e,
  0x6f,0x72,0x6d,0x61,0x6c,0x3b,0x66,0x6f,0x6e,0x74,0x2d,0x76,0x61,0x72,0x69,0x61,
  0x6e,0x74,0x3a,0x6e,0x6f,0x72,0x6d,0x61,0x6c,0x3b,0x66,0x6f,0x6e,0x74,0x2d,0x77,
  0x65,0x69,0x67,0x68,0x74,0x3a,0x62,0x6f,0x6c,0x64,0x3b,0x66,0x6f,0x6e,0x74,0x2d,
  0x73,0x74,0x72,0x65,0x74,0x63,0x68,0x3a,0x6e,0x6f,0x72,0x6d,0x61,0x6c,0x3b,0x66,
  0x6f,0x6e,0x74,0x2d,0x66,0x61,0x6d,0x69,0x6c,0x79,0x3a,0x73,0x61,0x6e,0x73,0x2d,
  0x73,0x65,0x72,0x69,0x66,0x3b,0x2d,0x69,0x6e,0x6b,0x73,0x63,0x61,0x70,0x65,0x2d,
  0x66,0x6f,0x6e,0x74,0x2d,0x73,0x70,0x65,0x63,0x69,0x66,0x69,0x63,0x61,0x74,0x69,
  0x6f,0x6e,0x3a,0x27,0x73,0x61,0x6e,0x73,0x2d,0x73,0x65,0x72,0x69,0x66,0x20,0x42,
  0x6f,0x6c,0x64,0x27,0x3b,0x66,0x69,0x6c,0x6c,0x3a,0x23,0x30,0x30,0x30,0x30,0x33,
  0x33,0x3b,0x73,0x74,0x72,0x6f,0x6b,0x65,0x2d,0x77,0x69,0x64,0x74,0x68,0x3a,0x32,
  0x2e,0x32,0x38,0x33,0x33,0x37,0x22,0x3e,0x2f,0x74,0x6d,0x70,0x3c,0x2f,0x74,0x73,
  0x70,0x61,0x6e,0x3e,0x3c,0x2f,0x74,0x65,0x78,0x74,0x3e,0xa,0xa,0x3c,0x2f,0x73,
  0x76,0x67,0x3e,0xa,
    // /home/etapadmin/Masaüstü/ulakshare/ulakshare-server/icons/file.svg
  0x0,0x0,0x5,0xd1,
  0x3c,
  0x3f,0x78,0x6d,0x6c,0x20,0x76,0x65,0x72,0x73,0x69,0x6f,0x6e,0x3d,0x22,0x31,0x2e,
  0x30,0x22,0x20,0x65,0x6e,0x63,0x6f,0x64,0x69,0x6e,0x67,0x3d,0x22,0x69,0x73,0x6f,
  0x2d,0x38,0x38,0x35,0x39,0x2d,0x31,0x22,0x3f,0x3e,0xd,0xa,0x3c,0x21,0x2d,0x2d,
  0x20,0x55,0x70,0x6c,0x6f,0x61,0x64,0x65,0x64,0x20,0x74,0x6f,0x3a,0x20,0x53,0x56,
  0x47,0x20,0x52,0x65,0x70,0x6f,0x2c,0x20,0x77,0x77,0x77,0x2e,0x73,0x76,0x67,0x72,
  0x65,0x70,0x6f,0x2e,0x63,0x6f,0x6d,0x2c,0x20,0x47,0x65,0x6e,0x65,0x72,0x61,0x74,
  0x6f,0x72,0x3a,0x20,0x53,0x56,0x47,0x20,0x52,0x65,0x70,0x6f,0x20,0x4d,0x69,0x78,
  0x65,0x72,0x20,0x54,0x6f,0x6f,0x6c,0x73,0x20,0x2d,0x2d,0x3e,0xd,0xa,0x3c,0x73,
  0x76,0x67,0x20,0x66,0x69,0x6c,0x6c,0x3d,0x22,0x23,0x30,0x30,0x30,0x30,0x30,0x30,
  0x22,0x20,0x68,0x65,0x69,0x67,0x68,0x74,0x3d,0x22,0x38,0x30,0x30,0x70,0x78,0x22,
  0x20,0x77,0x69,0x64,0x74,0x68,0x3d,0x22,0x38,0x30,0x30,0x70,0x78,0x22,0x20,0x76,
  0x65,0x72,0x73,0x69,0x6f,0x6e,0x3d,0x22,0x31,0x2e,0x31,0x22,0x20,0x69,0x64,0x3d,
  0x22,0x4c,0x61,0x79,0x65,0x72,0x5f,0x31,0x22,0x20,0x78,0x6d,0x6c,0x6e,0x73,0x3d,
  0x22,0x68,0x74,0x74,0x70,0x3a,0x2f,0x2f,0x77,0x77,0x77,0x2e,0x77,0x33,0x2e,0x6f,
  0x72,0x67,0x2f,0x32,0x30,0x30,0x30,0x2f,0x73,0x76,0x67,0x22,0x20,0x78,0x6d,0x6c,
  0x6e,0x73,0x3a,0x78,0x6c,0x69,0x6e,0x6b,0x3d,0x22,0x68,0x74,0x74,0x70,0x3a,0x2f,
  0x2f,0x77,0x77,0x77,0x2e,0x77,0x33,0x2e,0x6f,0x72,0x67,0x2f,0x31,0x39,0x39,0x39,
  0x2f,0x78,0x6c,0x69,0x6e,0x6b,0x22,0x20,0xd,0xa,0x9,0x20,0x76,0x69,0x65,0x77,
  0x42,0x6f,0x78,0x3d,0x22,0x30,0x20,0x30,0x20,0x35,0x30,0x38,0x2e,0x31,0x20,0x35,
  0x30,0x38,0x2e,0x31,0x22,0x20,0x78,0x6d,0x6c,0x3a,0x73,0x70,0x61,0x63,0x65,0x3d,
  0x22,0x70,0x72,0x65,0x73,0x65,0x72,0x76,0x65,0x22,0x3e,0xd,0xa,0x3c,0x67,0x3e,
  0xd,0xa,0x9,0x3c,0x67,0x3e,0xd,0xa,0x9,0x9,0x3c,0x70,0x61,0x74,0x68,0x20,
  0x64,0x3d,0x22,0x4d,0x34,0x30,0x36,0x2e,0x36,0x35,0x2c,0x30,0x68,0x2d,0x33,0x30,
  0x35,0x2e,0x32,0x63,0x2d,0x32,0x32,0x2e,0x35,0x2c,0x30,0x2d,0x34,0x30,0x2e,0x38,
  0x2c,0x31,0x38,0x2e,0x33,0x2d,0x34,0x30,0x2e,0x38,0x2c,0x34,0x30,0x2e,0x38,0x76,
  0x34,0x32,0x36,0x2e,0x35,0x63,0x30,0x2c,0x32,0x32,0x2e,0x35,0x2c,0x31,0x38,0x2e,
  0x33,0x2c,0x34,0x30,0x2e,0x38,0x2c,0x34,0x30,0x2e,0x38,0x2c,0x34,0x30,0x2e,0x38,
  0x68,0x32,0x33,0x32,0x2e,0x32,0x63,0x31,0x30,0x2e,0x39,0x2c,0x30,0x2c,0x32,0x31,
  0x2e,0x31,0x2d,0x34,0x2e,0x32,0x2c,0x32,0x38,0x2e,0x38,0x2d,0x31,0x31,0x2e,0x39,
  0xd,0xa,0x9,0x9,0x9,0x6c,0x37,0x33,0x2e,0x31,0x2d,0x37,0x33,0x2e,0x31,0x63,
  0x37,0x2e,0x37,0x2d,0x37,0x2e,0x37,0x2c,0x31,0x31,0x2e,0x39,0x2d,0x31,0x37,0x2e,
  0x39,0x2c,0x31,0x31,0x2e,0x39,0x2d,0x32,0x38,0x2e,0x38,0x56,0x34,0x30,0x2e,0x38,
  0x43,0x34,0x34,0x37,0x2e,0x34,0x35,0x2c,0x31,0x38,0x2e,0x33,0x2c,0x34,0x32,0x39,
  0x2e,0x31,0x35,0x2c,0x30,0x2c,0x34,0x30,0x36,0x2e,0x36,0x35,0x2c,0x30,0x7a,0x20,
  0x4d,0x33,0x35,0x38,0x2e,0x37,0x35,0x2c,0x34,0x35,0x39,0x2e,0x38,0x76,0x2d,0x34,
  0x30,0x2e,0x35,0x68,0x34,0x30,0x2e,0x35,0x4c,0x33,0x35,0x38,0x2e,0x37,0x35,0x2c,
  0x34,0x35,0x39,0x2e,0x38,0x7a,0xd,0xa,0x9,0x9,0x9,0x20,0x4d,0x34,0x31,0x39,
  0x2e,0x30,0x35,0x2c,0x33,0x39,0x31,0x2e,0x31,0x68,0x2d,0x37,0x34,0x2e,0x36,0x63,
  0x2d,0x37,0x2e,0x38,0x2c,0x30,0x2d,0x31,0x34,0x2e,0x31,0x2c,0x36,0x2e,0x33,0x2d,
  0x31,0x34,0x2e,0x31,0x2c,0x31,0x34,0x2e,0x31,0x76,0x37,0x34,0x2e,0x36,0x68,0x2d,
  0x32,0x32,0x38,0x2e,0x39,0x63,0x2d,0x36,0x2e,0x39,0x2c,0x30,0x2d,0x31,0x32,0x2e,
  0x36,0x2d,0x35,0x2e,0x37,0x2d,0x31,0x32,0x2e,0x36,0x2d,0x31,0x32,0x2e,0x36,0x56,
  0x34,0x30,0x2e,0x38,0x63,0x30,0x2d,0x36,0x2e,0x39,0x2c,0x35,0x2e,0x36,0x2d,0x31,
  0x32,0x2e,0x35,0x2c,0x31,0x32,0x2e,0x35,0x2d,0x31,0x32,0x2e,0x35,0x68,0x33,0x30,
  0x35,0x2e,0x32,0xd,0xa,0x9,0x9,0x9,0x63,0x36,0x2e,0x39,0x2c,0x30,0x2c,0x31,
  0x32,0x2e,0x35,0x2c,0x35,0x2e,0x36,0x2c,0x31,0x32,0x2e,0x35,0x2c,0x31,0x32,0x2e,
  0x35,0x56,0x33,0x39,0x31,0x2e,0x31,0x7a,0x22,0x2f,0x3e,0xd,0xa,0x9,0x3c,0x2f,
  0x67,0x3e,0xd,0xa,0x3c,0x2f,0x67,0x3e,0xd,0xa,0x3c,0x67,0x3e,0xd,0xa,0x9,
  0x3c,0x67,0x3e,0xd,0xa,0x9,0x9,0x3c,0x70,0x61,0x74,0x68,0x20,0x64,0x3d,0x22,
  0x4d,0x33,0x38,0x30,0x2e,0x30,0x35,0x2c,0x37,0x36,0x2e,0x38,0x68,0x2d,0x32,0x35,
  0x32,0x63,0x2d,0x37,0x2e,0x38,0x2c,0x30,0x2d,0x31,0x34,0x2e,0x31,0x2c,0x36,0x2e,
  0x33,0x2d,0x31,0x34,0x2e,0x31,0x2c,0x31,0x34,0x2e,0x31,0x63,0x30,0x2c,0x37,0x2e,
  0x38,0x2c,0x36,0x2e,0x33,0x2c,0x31,0x34,0x2e,0x31,0x2c,0x31,0x34,0x2e,0x31,0x2c,
  0x31,0x34,0x2e,0x31,0x68,0x32,0x35,0x32,0x63,0x37,0x2e,0x38,0x2c,0x30,0x2c,0x31,
  0x34,0x2e,0x31,0x2d,0x36,0x2e,0x33,0x2c,0x31,0x34,0x2e,0x31,0x2d,0x31,0x34,0x2e,
  0x31,0xd,0xa,0x9,0x9,0x9,0x43,0x33,0x39,0x34,0x2e,0x31,0x35,0x2c,0x38,0x33,
  0x2e,0x31,0x2c,0x33,0x38,0x37,0x2e,0x38,0x35,0x2c,0x37,0x36,0x2e,0x38,0x2c,0x33,
  0x38,0x30,0x2e,0x30,0x35,0x2c,0x37,0x36,0x2e,0x38,0x7a,0x22,0x2f,0x3e,0xd,0xa,
  0x9,0x3c,0x2f,0x67,0x3e,0xd,0xa,0x3c,0x2f,0x67,0x3e,0xd,0xa,0x3c,0x67,0x3e,
  0xd,0xa,0x9,0x3c,0x67,0x3e,0xd,0xa,0x9,0x9,0x3c,0x70,0x61,0x74,0x68,0x20,
  0x64,0x3d,0x22,0x4d,0x33,0x38,0x30,0x2e,0x30,0x35,0x2c,0x31,0x38,0x35,0x2e,0x36,
  0x68,0x2d,0x32,0x35,0x32,0x63,0x2d,0x37,0x2e,0x38,0x2c,0x30,0x2d,0x31,0x34,0x2e,
  0x31,0x2c,0x36,0x2e,0x33,0x2d,0x31,0x34,0x2e,0x31,0x2c,0x31,0x34,0x2e,0x31,0x63,
  0x30,0x2c,0x37,0x2e,0x37,0x2c,0x36,0x2e,0x33,0x2c,0x31,0x34,0x2e,0x31,0x2c,0x31,
  0x34,0x2e,0x31,0x2c,0x31,0x34,0x2e,0x31,0x68,0x32,0x35,0x32,0x63,0x37,0x2e,0x38,
  0x2c,0x30,0x2c,0x31,0x34,0x2e,0x31,0x2d,0x36,0x2e,0x33,0x2c,0x31,0x34,0x2e,0x31,
  0x2d,0x31,0x34,0x2e,0x31,0xd,0xa,0x9,0x9,0x9,0x43,0x33,0x39,0x34,0x2e,0x31,
  0x35,0x2c,0x31,0x39,0x31,0x2e,0x39,0x2c,0x33,0x38,0x37,0x2e,0x38,0x35,0x2c,0x31,
  0x38,0x35,0x2e,0x36,0x2c,0x33,0x38,0x30,0x2e,0x30,0x35,0x2c,0x31,0x38,0x35,0x2e,
  0x36,0x7a,0x22,0x2f,0x3e,0xd,0xa,0x9,0x3c,0x2f,0x67,0x3e,0xd,0xa,0x3c,0x2f,
  0x67,0x3e,0xd,0xa,0x3c,0x67,0x3e,0xd,0xa,0x9,0x3c,0x67,0x3e,0xd,0xa,0x9,
  0x9,0x3c,0x70,0x61,0x74,0x68,0x20,0x64,0x3d,0x22,0x4d,0x33,0x38,0x30,0x2e,0x30,
  0x35,0x2c,0x32,0x39,0x34,0x2e,0x33,0x68,0x2d,0x32,0x35,0x32,0x63,0x2d,0x37,0x2e,
  0x38,0x2c,0x30,0x2d,0x31,0x34,0x2e,0x31,0x2c,0x36,0x2e,0x33,0x2d,0x31,0x34,0x2e,
  0x31,0x2c,0x31,0x34,0x2e,0x31,0x63,0x30,0x2c,0x37,0x2e,0x37,0x2c,0x36,0x2e,0x33,
  0x2c,0x31,0x34,0x2e,0x31,0x2c,0x31,0x34,0x2e,0x31,0x2c,0x31,0x34,0x2e,0x31,0x68,
  0x32,0x35,0x32,0x63,0x37,0x2e,0x38,0x2c,0x30,0x2c,0x31,0x34,0x2e,0x31,0x2d,0x36,
  0x2e,0x33,0x2c,0x31,0x34,0x2e,0x31,0x2d,0x31,0x34,0x2e,0x31,0xd,0xa,0x9,0x9,
  0x9,0x43,0x33,0x39,0x34,0x2e,0x31,0x35,0x2c,0x33,0x30,0x30,0x2e,0x36,0x2c,0x33,
  0x38,0x37,0x2e,0x38,0x35,0x2c,0x32,0x39,0x34,0x2e,0x33,0x2c,0x33,0x38,0x30,0x2e,
  0x30,0x35,0x2c,0x32,0x39,0x34,0x2e,0x33,0x7a,0x22,0x2f,0x3e,0xd,0xa,0x9,0x3c,
  0x2f,0x67,0x3e,0xd,0xa,0x3c,0x2f,0x67,0x3e,0xd,0xa,0x3c,0x67,0x3e,0xd,0xa,
  0x9,0x3c,0x67,0x3e,0xd,0xa,0x9,0x9,0x3c,0x70,0x61,0x74,0x68,0x20,0x64,0x3d,
  0x22,0x4d,0x32,0x36,0x33,0x2e,0x38,0x35,0x2c,0x34,0x30,0x33,0x68,0x2d,0x31,0x33,
  0x35,0x2e,0x38,0x63,0x2d,0x37,0x2e,0x38,0x2c,0x30,0x2d,0x31,0x34,0x2e,0x31,0x2c,
  0x36,0x2e,0x33,0x2d,0x31,0x34,0x2e,0x31,0x2c,0x31,0x34,0x2e,0x31,0x73,0x36,0x2e,
  0x33,0x2c,0x31,0x34,0x2e,0x31,0x2c,0x31,0x34,0x2e,0x31,0x2c,0x31,0x34,0x2e,0x31,
  0x68,0x31,0x33,0x35,0x2e,0x38,0x63,0x37,0x2e,0x38,0x2c,0x30,0x2c,0x31,0x34,0x2e,
  0x31,0x2d,0x36,0x2e,0x33,0x2c,0x31,0x34,0x2e,0x31,0x2d,0x31,0x34,0x2e,0x31,0xd,
  0xa,0x9,0x9,0x9,0x43,0x32,0x37,0x38,0x2e,0x30,0x35,0x2c,0x34,0x30,0x39,0x2e,
  0x33,0x2c,0x32,0x37,0x31,0x2e,0x36,0x35,0x2c,0x34,0x30,0x33,0x2c,0x32,0x36,0x33,
  0x2e,0x38,0x35,0x2c,0x34,0x30,0x33,0x7a,0x22,0x2f,0x3e,0xd,0xa,0x9,0x3c,0x2f,
  0x67,0x3e,0xd,0xa,0x3c,0x2f,0x67,0x3e,0xd,0xa,0x3c,0x2f,0x73,0x76,0x67,0x3e,
  
    // /home/etapadmin/Masaüstü/ulakshare/ulakshare-server/icons/unselect.svg
  0x0,0x0,0x2,0x49,
  0x3c,
  0x21,0x44,0x4f,0x43,0x54,0x59,0x50,0x45,0x20,0x73,0x76,0x67,0x20,0x50,0x55,0x42,
  0x4c,0x49,0x43,0x20,0x22,0x2d,0x2f,0x2f,0x57,0x33,0x43,0x2f,0x2f,0x44,0x54,0x44,
  0x20,0x53,0x56,0x47,0x20,0x31,0x2e,0x31,0x2f,0x2f,0x45,0x4e,0x22,0x20,0x22,0x68,
  0x74,0x74,0x70,0x3a,0x2f,0x2f,0x77,0x77,0x77,0x2e,0x77,0x33,0x2e,0x6f,0x72,0x67,
  0x2f,0x47,0x72,0x61,0x70,0x68,0x69,0x63,0x73,0x2f,0x53,0x56,0x47,0x2f,0x31,0x2e,
  0x31,0x2f,0x44,0x54,0x44,0x2f,0x73,0x76,0x67,0x31,0x31,0x2e,0x64,0x74,0x64,0x22,
  0x3e,0xa,0x3c,0x21,0x2d,0x2d,0x20,0x55,0x70,0x6c,0x6f,0x61,0x64,0x65,0x64,0x20,
  0x74,0x6f,0x3a,0x20,0x53,0x56,0x47,0x20,0x52,0x65,0x70,0x6f,0x2c,0x20,0x77,0x77,
  0x77,0x2e,0x73,0x76,0x67,0x72,0x65,0x70,0x6f,0x2e,0x63,0x6f,0x6d,0x2c,0x20,0x54,
  0x72,0x61,0x6e,0x73,0x66,0x6f,0x72,0x6d,0x65,0x64,0x20,0x62,0x79,0x3a,0x20,0x53,
  0x56,0x47,0x20,0x52,0x65,0x70,0x6f,0x20,0x4d,0x69,0x78,0x65,0x72,0x20,0x54,0x6f,
  0x6f,0x6c,0x73,0x20,0x2d,0x2d,0x3e,0xa,0x3c,0x73,0x76,0x67,0x20,0x66,0x69,0x6c,
  0x6c,0x3d,0x22,0x23,0x37,0x37,0x37,0x36,0x37,0x62,0x22,0x20,0x77,0x69,0x64,0x74,
  0x68,0x3d,0x22,0x38,0x30,0x30,0x70,0x78,0x22,0x20,0x68,0x65,0x69,0x67,0x68,0x74,
  0x3d,0x22,0x38,0x30,0x30,0x70,0x78,0x22,0x20,0x76,0x69,0x65,0x77,0x42,0x6f,0x78,
  0x3d,0x22,0x30,0x20,0x30,0x20,0x32,0x34,0x20,0x32,0x34,0x22,0x20,0x78,0x6d,0x6c,
  0x6e,0x73,0x3d,0x22,0x68,0x74,0x74,0x70,0x3a,0x2f,0x2f,0x77,0x77,0x77,0x2e,0x77,
  0x33,0x2e,0x6f,0x72,0x67,0x2f,0x32,0x30,0x30,0x30,0x2f,0x73,0x76,0x67,0x22,0x3e,
  0xa,0xd,0x3c,0x67,0x20,0x69,0x64,0x3d,0x22,0x53,0x56,0x47,0x52,0x65,0x70,0x6f,
  0x5f,0x62,0x67,0x43,0x61,0x72,0x72,0x69,0x65,0x72,0x22,0x20,0x73,0x74,0x72,0x6f,
  0x6b,0x65,0x2d,0x77,0x69,0x64,0x74,0x68,0x3d,0x22,0x30,0x22,0x2f,0x3e,0xa,0xd,
  0x3c,0x67,0x20,0x69,0x64,0x3d,0x22,0x53,0x56,0x47,0x52,0x65,0x70,0x6f,0x5f,0x74,
  0x72,0x61,0x63,0x65,0x72,0x43,0x61,0x72,0x72,0x69,0x65,0x72,0x22,0x20,0x73,0x74,
  0x72,0x6f,0x6b,0x65,0x2d,0x6c,0x69,0x6e,0x65,0x63,0x61,0x70,0x3d,0x22,0x72,0x6f,
  0x75,0x6e,0x64,0x22,0x20,0x73,0x74,0x72,0x6f,0x6b,0x65,0x2d,0x6c,0x69,0x6e,0x65,
  0x6a,0x6f,0x69,0x6e,0x3d,0x22,0x72,0x6f,0x75,0x6e,0x64,0x22,0x2f,0x3e,0xa,0xd,
  0x3c,0x67,0x20,0x69,0x64,0x3d,0x22,0x53,0x56,0x47,0x52,0x65,0x70,0x6f,0x5f,0x69,
  0x63,0x6f,0x6e,0x43,0x61,0x72,0x72,0x69,0x65,0x72,0x22,0x3e,0xa,0xd,0x3c,0x70,
  0x61,0x74,0x68,0x20,0x64,0x3d,0x22,0x4d,0x37,0x20,0x35,0x63,0x2d,0x31,0x2e,0x31,
  0x30,0x33,0x20,0x30,0x2d,0x32,0x20,0x2e,0x38,0x39,0x37,0x2d,0x32,0x20,0x32,0x76,
  0x31,0x30,0x63,0x30,0x20,0x31,0x2e,0x31,0x30,0x33,0x2e,0x38,0x39,0x37,0x20,0x32,
  0x20,0x32,0x20,0x32,0x68,0x31,0x30,0x63,0x31,0x2e,0x31,0x30,0x33,0x20,0x30,0x20,
  0x32,0x2d,0x2e,0x38,0x39,0x37,0x20,0x32,0x2d,0x32,0x56,0x37,0x63,0x30,0x2d,0x31,
  0x2e,0x31,0x30,0x33,0x2d,0x2e,0x38,0x39,0x37,0x2d,0x32,0x2d,0x32,0x2d,0x32,0x48,
  0x37,0x7a,0x6d,0x30,0x20,0x31,0x32,0x56,0x37,0x68,0x31,0x30,0x6c,0x2e,0x30,0x30,
  0x32,0x20,0x31,0x30,0x48,0x37,0x7a,0x22,0x2f,0x3e,0xa,0xd,0x3c,0x2f,0x67,0x3e,
  0xa,0xd,0x3c,0x2f,0x73,0x76,0x67,0x3e,
    // /home/etapadmin/Masaüstü/ulakshare/ulakshare-server/icons/scriptexec.svg
  0x0,0x0,0x3,0xc0,
  0x3c,
  0x3f,0x78,0x6d,0x6c,0x20,0x76,0x65,0x72,0x73,0x69,0x6f,0x6e,0x3d,0x22,0x31,0x2e,
  0x30,0x22,0x20,0x65,0x6e,0x63,0x6f,0x64,0x69,0x6e,0x67,0x3d,0x22,0x69,0x73,0x6f,
  0x2d,0x38,0x38,0x35,0x39,0x2d,0x31,0x22,0x3f,0x3e,0xd,0xa,0x3c,0x21,0x44,0x4f,
  0x43,0x54,0x59,0x50,0x45,0x20,0x73,0x76,0x67,0x20,0x50,0x55,0x42,0x4c,0x49,0x43,
  0x20,0x22,0x2d,0x2f,0x2f,0x57,0x33,0x43,0x2f,0x2f,0x44,0x54,0x44,0x20,0x53,0x56,
  0x47,0x20,0x31,0x2e,0x31,0x2f,0x2f,0x45,0x4e,0x22,0x20,0x22,0x68,0x74,0x74,0x70,
  0x3a,0x2f,0x2f,0x77,0x77,0x77,0x2e,0x77,0x33,0x2e,0x6f,0x72,0x67,0x2f,0x47,0x72,
  0x61,0x70,0x68,0x69,0x63,0x73,0x2f,0x53,0x56,0x47,0x2f,0x31,0x2e,0x31,0x2f,0x44,
  0x54,0x44,0x2f,0x73,0x76,0x67,0x31,0x31,0x2e,0x64,0x74,0x64,0x22,0x3e,0xd,0xa,
  0x3c,0x21,0x2d,0x2d,0x20,0x55,0x70,0x6c,0x6f,0x61,0x64,0x65,0x64,0x20,0x74,0x6f,
  0x3a,0x20,0x53,0x56,0x47,0x20,0x52,0x65,0x70,0x6f,0x2c,0x20,0x77,0x77,0x77,0x2e,
  0x73,0x76,0x67,0x72,0x65,0x70,0x6f,0x2e,0x63,0x6f,0x6d,0x2c,0x20,0x47,0x65,0x6e,
  0x65,0x72,0x61,0x74,0x6f,0x72,0x3a,0x20,0x53,0x56,0x47,0x20,0x52,0x65,0x70,0x6f,
  0x20,0x4d,0x69,0x78,0x65,0x72,0x20,0x54,0x6f,0x6f,0x6c,0x73,0x20,0x2d,0x2d,0x3e,
  0xd,0xa,0x3c,0x73,0x76,0x67,0x20,0x66,0x69,0x6c,0x6c,0x3d,0x22,0x23,0x30,0x30,
  0x30,0x30,0x30,0x30,0x22,0x20,0x20,0x76,0x65,0x72,0x73,0x69,0x6f,0x6e,0x3d,0x22,
  0x31,0x2e,0x31,0x22,0x20,0x78,0x6d,0x6c,0x6e,0x73,0x3d,0x22,0x68,0x74,0x74,0x70,
  0x3a,0x2f,0x2f,0x77,0x77,0x77,0x2e,0x77,0x33,0x2e,0x6f,0x72,0x67,0x2f,0x32,0x30,
  0x30,0x30,0x2f,0x73,0x76,0x67,0x22,0x20,0x78,0x6d,0x6c,0x6e,0x73,0x3a,0x78,0x6c,
  0x69,0x6e,0x6b,0x3d,0x22,0x68,0x74,0x74,0x70,0x3a,0x2f,0x2f,0x77,0x77,0x77,0x2e,
  0x77,0x33,0x2e,0x6f,0x72,0x67,0x2f,0x31,0x39,0x39,0x39,0x2f,0x78,0x6c,0x69,0x6e,
  0x6b,0x22,0x20,0x20,0x77,0x69,0x64,0x74,0x68,0x3d,0x22,0x38,0x30,0x30,0x70,0x78,
  0x22,0xd,0xa,0x9,0x20,0x68,0x65,0x69,0x67,0x68,0x74,0x3d,0x22,0x38,0x30,0x30,
  0x70,0x78,0x22,0x20,0x76,0x69,0x65,0x77,0x42,0x6f,0x78,0x3d,0x22,0x30,0x20,0x30,
  0x20,0x35,0x31,0x32,0x20,0x35,0x31,0x32,0x22,0x20,0x65,0x6e,0x61,0x62,0x6c,0x65,
  0x2d,0x62,0x61,0x63,0x6b,0x67,0x72,0x6f,0x75,0x6e,0x64,0x3d,0x22,0x6e,0x65,0x77,
  0x20,0x30,0x20,0x30,0x20,0x35,0x31,0x32,0x20,0x35,0x31,0x32,0x22,0x20,0x78,0x6d,
  0x6c,0x3a,0x73,0x70,0x61,0x63,0x65,0x3d,0x22,0x70,0x72,0x65,0x73,0x65,0x72,0x76,
  0x65,0x22,0x3e,0xd,0xa,0xd,0xa,0x3c,0x67,0x20,0x69,0x64,0x3d,0x22,0x35,0x31,
  0x35,0x31,0x65,0x30,0x63,0x38,0x34,0x39,0x32,0x65,0x35,0x31,0x30,0x33,0x63,0x30,
  0x39,0x36,0x61,0x66,0x38,0x38,0x61,0x35,0x31,0x66,0x39,0x62,0x32,0x37,0x22,0x3e,
  0xd,0xa,0xd,0xa,0x3c,0x70,0x61,0x74,0x68,0x20,0x64,0x69,0x73,0x70,0x6c,0x61,
  0x79,0x3d,0x22,0x69,0x6e,0x6c,0x69,0x6e,0x65,0x22,0x20,0x64,0x3d,0x22,0x4d,0x37,
  0x37,0x2e,0x35,0x35,0x34,0x2c,0x32,0x39,0x36,0x2e,0x30,0x35,0x35,0x6c,0x31,0x30,
  0x31,0x2e,0x31,0x38,0x39,0x2d,0x33,0x39,0x2e,0x38,0x36,0x33,0x76,0x2d,0x30,0x2e,
  0x36,0x31,0x31,0x4c,0x37,0x37,0x2e,0x35,0x35,0x34,0x2c,0x32,0x31,0x35,0x2e,0x34,
  0x31,0x33,0x76,0x2d,0x34,0x34,0x2e,0x34,0x36,0x34,0x6c,0x31,0x35,0x34,0x2e,0x35,
  0x33,0x39,0x2c,0x36,0x38,0x2e,0x33,0x37,0x39,0x76,0x33,0x32,0x2e,0x38,0x30,0x37,
  0x4c,0x37,0x37,0x2e,0x35,0x35,0x34,0x2c,0x33,0x34,0x30,0x2e,0x35,0x31,0x34,0xd,
  0xa,0x9,0x9,0x56,0x32,0x39,0x36,0x2e,0x30,0x35,0x35,0x7a,0x20,0x4d,0x34,0x33,
  0x34,0x2e,0x34,0x34,0x36,0x2c,0x33,0x34,0x33,0x2e,0x38,0x38,0x37,0x76,0x33,0x39,
  0x2e,0x38,0x36,0x33,0x48,0x32,0x35,0x31,0x2e,0x37,0x76,0x2d,0x33,0x39,0x2e,0x38,
  0x36,0x33,0x48,0x34,0x33,0x34,0x2e,0x34,0x34,0x36,0x7a,0x20,0x4d,0x34,0x36,0x38,
  0x2e,0x39,0x31,0x37,0x2c,0x30,0x2e,0x35,0x48,0x34,0x33,0x2e,0x30,0x38,0x33,0x43,
  0x31,0x39,0x2e,0x36,0x36,0x32,0x2c,0x30,0x2e,0x35,0x2c,0x30,0x2e,0x35,0x2c,0x31,
  0x39,0x2e,0x36,0x36,0x33,0x2c,0x30,0x2e,0x35,0x2c,0x34,0x33,0x2e,0x30,0x38,0x33,
  0x76,0x34,0x32,0x35,0x2e,0x38,0x33,0x33,0xd,0xa,0x9,0x9,0x63,0x30,0x2c,0x32,
  0x33,0x2e,0x34,0x32,0x31,0x2c,0x31,0x39,0x2e,0x31,0x36,0x32,0x2c,0x34,0x32,0x2e,
  0x35,0x38,0x33,0x2c,0x34,0x32,0x2e,0x35,0x38,0x33,0x2c,0x34,0x32,0x2e,0x35,0x38,
  0x33,0x68,0x34,0x32,0x35,0x2e,0x38,0x33,0x34,0x63,0x32,0x33,0x2e,0x34,0x32,0x31,
  0x2c,0x30,0x2c,0x34,0x32,0x2e,0x35,0x38,0x33,0x2d,0x31,0x39,0x2e,0x31,0x36,0x32,
  0x2c,0x34,0x32,0x2e,0x35,0x38,0x33,0x2d,0x34,0x32,0x2e,0x35,0x38,0x33,0x56,0x34,
  0x33,0x2e,0x30,0x38,0x33,0x43,0x35,0x31,0x31,0x2e,0x35,0x2c,0x31,0x39,0x2e,0x36,
  0x36,0x33,0x2c,0x34,0x39,0x32,0x2e,0x33,0x33,0x38,0x2c,0x30,0x2e,0x35,0x2c,0x34,
  0x36,0x38,0x2e,0x39,0x31,0x37,0x2c,0x30,0x2e,0x35,0xd,0xa,0x9,0x9,0x7a,0x20,
  0x4d,0x34,0x36,0x38,0x2e,0x39,0x31,0x37,0x2c,0x34,0x36,0x38,0x2e,0x39,0x31,0x37,
  0x48,0x34,0x33,0x2e,0x30,0x38,0x33,0x56,0x31,0x30,0x36,0x2e,0x39,0x35,0x38,0x68,
  0x34,0x32,0x35,0x2e,0x38,0x33,0x34,0x56,0x34,0x36,0x38,0x2e,0x39,0x31,0x37,0x7a,
  0x22,0x3e,0xd,0xa,0xd,0xa,0x3c,0x2f,0x70,0x61,0x74,0x68,0x3e,0xd,0xa,0xd,
  0xa,0x3c,0x2f,0x67,0x3e,0xd,0xa,0xd,0xa,0x3c,0x2f,0x73,0x76,0x67,0x3e,
    // /home/etapadmin/Masaüstü/ulakshare/ulakshare-server/icons/debinstall.svg
  0x0,0x0,0x5,0x8c,
  0x3c,
  0x3f,0x78,0x6d,0x6c,0x20,0x76,0x65,0x72,0x73,0x69,0x6f,0x6e,0x3d,0x22,0x31,0x2e,
  0x30,0x22,0x20,0x65,0x6e,0x63,0x6f,0x64,0x69,0x6e,0x67,0x3d,0x22,0x69,0x73,0x6f,
  0x2d,0x38,0x38,0x35,0x39,0x2d,0x31,0x22,0x3f,0x3e,0xd,0xa,0x3c,0x21,0x2d,0x2d,
  0x20,0x47,0x65,0x6e,0x65,0x72,0x61,0x74,0x6f,0x72,0x3a,0x20,0x41,0x64,0x6f,0x62,
  0x65,0x20,0x49,0x6c,0x6c,0x75,0x73,0x74,0x72,0x61,0x74,0x6f,0x72,0x20,0x31,0x39,
  0x2e,0x30,0x2e,0x30,0x2c,0x20,0x53,0x56,0x47,0x20,0x45,0x78,0x70,0x6f,0x72,0x74,
  0x20,0x50,0x6c,0x75,0x67,0x2d,0x49,0x6e,0x20,0x2e,0x20,0x53,0x56,0x47,0x20,0x56,
  0x65,0x72,0x73,0x69,0x6f,0x6e,0x3a,0x20,0x36,0x2e,0x30,0x30,0x20,0x42,0x75,0x69,
  0x6c,0x64,0x20,0x30,0x29,0x20,0x20,0x2d,0x2d,0x3e,0xd,0xa,0x3c,0x73,0x76,0x67,
  0x20,0x76,0x65,0x72,0x73,0x69,0x6f,0x6e,0x3d,0x22,0x31,0x2e,0x31,0x22,0x20,0x69,
  0x64,0x3d,0x22,0x4c,0x61,0x79,0x65,0x72,0x5f,0x31,0x22,0x20,0x78,0x6d,0x6c,0x6e,
  0x73,0x3d,0x22,0x68,0x74,0x74,0x70,0x3a,0x2f,0x2f,0x77,0x77,0x77,0x2e,0x77,0x33,
  0x2e,0x6f,0x72,0x67,0x2f,0x32,0x30,0x30,0x30,0x2f,0x73,0x76,0x67,0x22,0x20,0x78,
  0x6d,0x6c,0x6e,0x73,0x3a,0x78,0x6c,0x69,0x6e,0x6b,0x3d,0x22,0x68,0x74,0x74,0x70,
  0x3a,0x2f,0x2f,0x77,0x77,0x77,0x2e,0x77,0x33,0x2e,0x6f,0x72,0x67,0x2f,0x31,0x39,
  0x39,0x39,0x2f,0x78,0x6c,0x69,0x6e,0x6b,0x22,0x20,0x78,0x3d,0x22,0x30,0x70,0x78,
  0x22,0x20,0x79,0x3d,0x22,0x30,0x70,0x78,0x22,0xd,0xa,0x9,0x20,0x76,0x69,0x65,
  0x77,0x42,0x6f,0x78,0x3d,0x22,0x30,0x20,0x30,0x20,0x35,0x30,0x37,0x2e,0x38,0x20,
  0x35,0x30,0x37,0x2e,0x38,0x22,0x20,0x73,0x74,0x79,0x6c,0x65,0x3d,0x22,0x65,0x6e,
  0x61,0x62,0x6c,0x65,0x2d,0x62,0x61,0x63,0x6b,0x67,0x72,0x6f,0x75,0x6e,0x64,0x3a,
  0x6e,0x65,0x77,0x20,0x30,0x20,0x30,0x20,0x35,0x30,0x37,0x2e,0x38,0x20,0x35,0x30,
  0x37,0x2e,0x38,0x3b,0x22,0x20,0x78,0x6d,0x6c,0x3a,0x73,0x70,0x61,0x63,0x65,0x3d,
  0x22,0x70,0x72,0x65,0x73,0x65,0x72,0x76,0x65,0x22,0x3e,0xd,0xa,0x3c,0x63,0x69,
  0x72,0x63,0x6c,0x65,0x20,0x73,0x74,0x79,0x6c,0x65,0x3d,0x22,0x66,0x69,0x6c,0x6c,
  0x3a,0x23,0x33,0x32,0x34,0x41,0x35,0x45,0x3b,0x22,0x20,0x63,0x78,0x3d,0x22,0x32,
  0x35,0x33,0x2e,0x39,0x22,0x20,0x63,0x79,0x3d,0x22,0x32,0x35,0x33,0x2e,0x39,0x22,
  0x20,0x72,0x3d,0x22,0x32,0x35,0x33,0x2e,0x39,0x22,0x2f,0x3e,0xd,0xa,0x3c,0x70,
  0x61,0x74,0x68,0x20,0x73,0x74,0x79,0x6c,0x65,0x3d,0x22,0x66,0x69,0x6c,0x6c,0x3a,
  0x23,0x46,0x39,0x42,0x35,0x34,0x43,0x3b,0x22,0x20,0x64,0x3d,0x22,0x4d,0x33,0x38,
  0x31,0x2e,0x32,0x2c,0x34,0x32,0x33,0x2e,0x34,0x48,0x31,0x32,0x36,0x2e,0x36,0x63,
  0x2d,0x32,0x2e,0x33,0x2c,0x30,0x2d,0x34,0x2e,0x32,0x2d,0x31,0x2e,0x39,0x2d,0x34,
  0x2e,0x32,0x2d,0x34,0x2e,0x32,0x56,0x31,0x38,0x34,0x2e,0x35,0x68,0x32,0x36,0x33,
  0x2e,0x31,0x76,0x32,0x33,0x34,0x2e,0x37,0x43,0x33,0x38,0x35,0x2e,0x35,0x2c,0x34,
  0x32,0x31,0x2e,0x35,0x2c,0x33,0x38,0x33,0x2e,0x36,0x2c,0x34,0x32,0x33,0x2e,0x34,
  0x2c,0x33,0x38,0x31,0x2e,0x32,0x2c,0x34,0x32,0x33,0x2e,0x34,0x7a,0x22,0xd,0xa,
  0x9,0x2f,0x3e,0xd,0xa,0x3c,0x70,0x6f,0x6c,0x79,0x67,0x6f,0x6e,0x20,0x73,0x74,
  0x79,0x6c,0x65,0x3d,0x22,0x66,0x69,0x6c,0x6c,0x3a,0x23,0x46,0x46,0x44,0x30,0x35,
  0x42,0x3b,0x22,0x20,0x70,0x6f,0x69,0x6e,0x74,0x73,0x3d,0x22,0x34,0x31,0x30,0x2e,
  0x37,0x2c,0x32,0x35,0x39,0x2e,0x38,0x20,0x33,0x38,0x35,0x2e,0x35,0x2c,0x31,0x38,
  0x34,0x2e,0x35,0x20,0x31,0x32,0x32,0x2e,0x33,0x2c,0x31,0x38,0x34,0x2e,0x35,0x20,
  0x39,0x37,0x2e,0x31,0x2c,0x32,0x35,0x39,0x2e,0x38,0x20,0x22,0x2f,0x3e,0xd,0xa,
  0x3c,0x67,0x3e,0xd,0xa,0x9,0x3c,0x70,0x6f,0x6c,0x79,0x67,0x6f,0x6e,0x20,0x73,
  0x74,0x79,0x6c,0x65,0x3d,0x22,0x66,0x69,0x6c,0x6c,0x3a,0x23,0x46,0x46,0x37,0x30,
  0x35,0x38,0x3b,0x22,0x20,0x70,0x6f,0x69,0x6e,0x74,0x73,0x3d,0x22,0x33,0x32,0x33,
  0x2c,0x31,0x32,0x38,0x2e,0x36,0x20,0x33,0x32,0x33,0x2c,0x36,0x30,0x2e,0x36,0x20,
  0x32,0x39,0x35,0x2e,0x39,0x2c,0x36,0x30,0x2e,0x36,0x20,0x32,0x39,0x35,0x2e,0x39,
  0x2c,0x31,0x32,0x38,0x2e,0x36,0x20,0x32,0x36,0x37,0x2e,0x38,0x2c,0x31,0x32,0x38,
  0x2e,0x36,0x20,0x33,0x30,0x39,0x2e,0x35,0x2c,0x31,0x37,0x30,0x2e,0x32,0x20,0x33,
  0x35,0x31,0x2e,0x31,0x2c,0x31,0x32,0x38,0x2e,0x36,0x20,0x9,0x22,0x2f,0x3e,0xd,
  0xa,0x9,0x3c,0x70,0x6f,0x6c,0x79,0x67,0x6f,0x6e,0x20,0x73,0x74,0x79,0x6c,0x65,
  0x3d,0x22,0x66,0x69,0x6c,0x6c,0x3a,0x23,0x46,0x46,0x37,0x30,0x35,0x38,0x3b,0x22,
  0x20,0x70,0x6f,0x69,0x6e,0x74,0x73,0x3d,0x22,0x32,0x31,0x31,0x2e,0x39,0x2c,0x31,
  0x32,0x38,0x2e,0x36,0x20,0x32,0x31,0x31,0x2e,0x39,0x2c,0x36,0x30,0x2e,0x36,0x20,
  0x31,0x38,0x34,0x2e,0x38,0x2c,0x36,0x30,0x2e,0x36,0x20,0x31,0x38,0x34,0x2e,0x38,
  0x2c,0x31,0x32,0x38,0x2e,0x36,0x20,0x31,0x35,0x36,0x2e,0x37,0x2c,0x31,0x32,0x38,
  0x2e,0x36,0x20,0x31,0x39,0x38,0x2e,0x33,0x2c,0x31,0x37,0x30,0x2e,0x32,0x20,0x32,
  0x34,0x30,0x2c,0x31,0x32,0x38,0x2e,0x36,0x20,0x9,0x22,0x2f,0x3e,0xd,0xa,0x3c,
  0x2f,0x67,0x3e,0xd,0xa,0x3c,0x67,0x3e,0xd,0xa,0x9,0x3c,0x70,0x6f,0x6c,0x79,
  0x67,0x6f,0x6e,0x20,0x73,0x74,0x79,0x6c,0x65,0x3d,0x22,0x66,0x69,0x6c,0x6c,0x3a,
  0x23,0x46,0x46,0x46,0x46,0x46,0x46,0x3b,0x22,0x20,0x70,0x6f,0x69,0x6e,0x74,0x73,
  0x3d,0x22,0x31,0x35,0x32,0x2e,0x36,0x2c,0x33,0x35,0x34,0x20,0x31,0x35,0x32,0x2e,
  0x36,0x2c,0x33,0x38,0x39,0x2e,0x39,0x20,0x31,0x36,0x31,0x2e,0x39,0x2c,0x33,0x38,
  0x39,0x2e,0x39,0x20,0x31,0x36,0x31,0x2e,0x39,0x2c,0x33,0x35,0x34,0x20,0x31,0x37,
  0x31,0x2e,0x36,0x2c,0x33,0x35,0x34,0x20,0x31,0x35,0x37,0x2e,0x32,0x2c,0x33,0x33,
  0x32,0x20,0x31,0x34,0x32,0x2e,0x39,0x2c,0x33,0x35,0x34,0x20,0x9,0x22,0x2f,0x3e,
  0xd,0xa,0x9,0x3c,0x70,0x6f,0x6c,0x79,0x67,0x6f,0x6e,0x20,0x73,0x74,0x79,0x6c,
  0x65,0x3d,0x22,0x66,0x69,0x6c,0x6c,0x3a,0x23,0x46,0x46,0x46,0x46,0x46,0x46,0x3b,
  0x22,0x20,0x70,0x6f,0x69,0x6e,0x74,0x73,0x3d,0x22,0x31,0x38,0x38,0x2e,0x32,0x2c,
  0x33,0x35,0x34,0x20,0x31,0x38,0x38,0x2e,0x32,0x2c,0x33,0x38,0x39,0x2e,0x39,0x20,
  0x31,0x39,0x37,0x2e,0x35,0x2c,0x33,0x38,0x39,0x2e,0x39,0x20,0x31,0x39,0x37,0x2e,
  0x35,0x2c,0x33,0x35,0x34,0x20,0x32,0x30,0x37,0x2e,0x32,0x2c,0x33,0x35,0x34,0x20,
  0x31,0x39,0x32,0x2e,0x38,0x2c,0x33,0x33,0x32,0x20,0x31,0x37,0x38,0x2e,0x35,0x2c,
  0x33,0x35,0x34,0x20,0x9,0x22,0x2f,0x3e,0xd,0xa,0x9,0x3c,0x72,0x65,0x63,0x74,
  0x20,0x78,0x3d,0x22,0x31,0x34,0x32,0x2e,0x38,0x22,0x20,0x79,0x3d,0x22,0x33,0x39,
  0x35,0x2e,0x32,0x22,0x20,0x73,0x74,0x79,0x6c,0x65,0x3d,0x22,0x66,0x69,0x6c,0x6c,
  0x3a,0x23,0x46,0x46,0x46,0x46,0x46,0x46,0x3b,0x22,0x20,0x77,0x69,0x64,0x74,0x68,
  0x3d,0x22,0x36,0x34,0x2e,0x35,0x22,0x20,0x68,0x65,0x69,0x67,0x68,0x74,0x3d,0x22,
  0x35,0x2e,0x33,0x22,0x2f,0x3e,0xd,0xa,0x3c,0x2f,0x67,0x3e,0xd,0xa,0x3c,0x67,
  0x3e,0xd,0xa,0x3c,0x2f,0x67,0x3e,0xd,0xa,0x3c,0x67,0x3e,0xd,0xa,0x3c,0x2f,
  0x67,0x3e,0xd,0xa,0x3c,0x67,0x3e,0xd,0xa,0x3c,0x2f,0x67,0x3e,0xd,0xa,0x3c,
  0x67,0x3e,0xd,0xa,0x3c,0x2f,0x67,0x3e,0xd,0xa,0x3c,0x67,0x3e,0xd,0xa,0x3c,
  0x2f,0x67,0x3e,0xd,0xa,0x3c,0x67,0x3e,0xd,0xa,0x3c,0x2f,0x67,0x3e,0xd,0xa,
  0x3c,0x67,0x3e,0xd,0xa,0x3c,0x2f,0x67,0x3e,0xd,0xa,0x3c,0x67,0x3e,0xd,0xa,
  0x3c,0x2f,0x67,0x3e,0xd,0xa,0x3c,0x67,0x3e,0xd,0xa,0x3c,0x2f,0x67,0x3e,0xd,
  0xa,0x3c,0x67,0x3e,0xd,0xa,0x3c,0x2f,0x67,0x3e,0xd,0xa,0x3c,0x67,0x3e,0xd,
  0xa,0x3c,0x2f,0x67,0x3e,0xd,0xa,0x3c,0x67,0x3e,0xd,0xa,0x3c,0x2f,0x67,0x3e,
  0xd,0xa,0x3c,0x67,0x3e,0xd,0xa,0x3c,0x2f,0x67,0x3e,0xd,0xa,0x3c,0x67,0x3e,
  0xd,0xa,0x3c,0x2f,0x67,0x3e,0xd,0xa,0x3c,0x67,0x3e,0xd,0xa,0x3c,0x2f,0x67,
  0x3e,0xd,0xa,0x3c,0x2f,0x73,0x76,0x67,0x3e,0xd,0xa,
    // /home/etapadmin/Masaüstü/ulakshare/ulakshare-server/icons/directory.svg
  0x0,0x0,0x1,0x55,
  0x3c,
  0x73,0x76,0x67,0x20,0x77,0x69,0x64,0x74,0x68,0x3d,0x22,0x33,0x32,0x70,0x78,0x22,
  0x20,0x68,0x65,0x69,0x67,0x68,0x74,0x3d,0x22,0x33,0x32,0x70,0x78,0x22,0x20,0x76,
  0x69,0x65,0x77,0x42,0x6f,0x78,0x3d,0x22,0x30,0x20,0x30,0x20,0x33,0x32,0x20,0x33,
  0x32,0x22,0x20,0x78,0x6d,0x6c,0x6e,0x73,0x3d,0x22,0x68,0x74,0x74,0x70,0x3a,0x2f,
  0x2f,0x77,0x77,0x77,0x2e,0x77,0x33,0x2e,0x6f,0x72,0x67,0x2f,0x32,0x30,0x30,0x30,
  0x2f,0x73,0x76,0x67,0x22,0x3e,0x3c,0x74,0x69,0x74,0x6c,0x65,0x3e,0x64,0x65,0x66,
  0x61,0x75,0x6c,0x74,0x5f,0x66,0x6f,0x6c,0x64,0x65,0x72,0x5f,0x6f,0x70,0x65,0x6e,
  0x65,0x64,0x3c,0x2f,0x74,0x69,0x74,0x6c,0x65,0x3e,0x3c,0x70,0x61,0x74,0x68,0x20,
  0x64,0x3d,0x22,0x4d,0x32,0x37,0x2e,0x34,0x2c,0x35,0x2e,0x35,0x48,0x31,0x38,0x2e,
  0x32,0x4c,0x31,0x36,0x2e,0x31,0x2c,0x39,0x2e,0x37,0x48,0x34,0x2e,0x33,0x56,0x32,
  0x36,0x2e,0x35,0x48,0x32,0x39,0x2e,0x35,0x56,0x35,0x2e,0x35,0x5a,0x6d,0x30,0x2c,
  0x31,0x38,0x2e,0x37,0x48,0x36,0x2e,0x36,0x56,0x31,0x31,0x2e,0x38,0x48,0x32,0x37,
  0x2e,0x34,0x5a,0x6d,0x30,0x2d,0x31,0x34,0x2e,0x35,0x48,0x31,0x39,0x2e,0x32,0x6c,
  0x31,0x2d,0x32,0x2e,0x31,0x68,0x37,0x2e,0x31,0x56,0x39,0x2e,0x37,0x5a,0x22,0x20,
  0x73,0x74,0x79,0x6c,0x65,0x3d,0x22,0x66,0x69,0x6c,0x6c,0x3a,0x23,0x64,0x63,0x62,
  0x36,0x37,0x61,0x22,0x2f,0x3e,0x3c,0x70,0x6f,0x6c,0x79,0x67,0x6f,0x6e,0x20,0x70,
  0x6f,0x69,0x6e,0x74,0x73,0x3d,0x22,0x32,0x35,0x2e,0x37,0x20,0x31,0x33,0x2e,0x37,
  0x20,0x30,0x2e,0x35,0x20,0x31,0x33,0x2e,0x37,0x20,0x34,0x2e,0x33,0x20,0x32,0x36,
  0x2e,0x35,0x20,0x32,0x39,0x2e,0x35,0x20,0x32,0x36,0x2e,0x35,0x20,0x32,0x35,0x2e,
  0x37,0x20,0x31,0x33,0x2e,0x37,0x22,0x20,0x73,0x74,0x79,0x6c,0x65,0x3d,0x22,0x66,
  0x69,0x6c,0x6c,0x3a,0x23,0x64,0x63,0x62,0x36,0x37,0x61,0x22,0x2f,0x3e,0x3c,0x2f,
  0x73,0x76,0x67,0x3e,
    // /home/etapadmin/Masaüstü/ulakshare/ulakshare-server/icons/search.svg
  0x0,0x0,0x16,0xab,
  0x3c,
  0x21,0x44,0x4f,0x43,0x54,0x59,0x50,0x45,0x20,0x73,0x76,0x67,0x20,0x50,0x55,0x42,
  0x4c,0x49,0x43,0x20,0x22,0x2d,0x2f,0x2f,0x57,0x33,0x43,0x2f,0x2f,0x44,0x54,0x44,
  0x20,0x53,0x56,0x47,0x20,0x31,0x2e,0x31,0x2f,0x2f,0x45,0x4e,0x22,0x20,0x22,0x68,
  0x74,0x74,0x70,0x3a,0x2f,0x2f,0x77,0x77,0x77,0x2e,0x77,0x33,0x2e,0x6f,0x72,0x67,
  0x2f,0x47,0x72,0x61,0x70,0x68,0x69,0x63,0x73,0x2f,0x53,0x56,0x47,0x2f,0x31,0x2e,
  0x31,0x2f,0x44,0x54,0x44,0x2f,0x73,0x76,0x67,0x31,0x31,0x2e,0x64,0x74,0x64,0x22,
  0x3e,0xa,0x3c,0x21,0x2d,0x2d,0x20,0x55,0x70,0x6c,0x6f,0x61,0x64,0x65,0x64,0x20,
  0x74,0x6f,0x3a,0x20,0x53,0x56,0x47,0x20,0x52,0x65,0x70,0x6f,0x2c,0x20,0x77,0x77,
  0x77,0x2e,0x73,0x76,0x67,0x72,0x65,0x70,0x6f,0x2e,0x63,0x6f,0x6d,0x2c,0x20,0x54,
  0x72,0x61,0x6e,0x73,0x66,0x6f,0x72,0x6d,0x65,0x64,0x20,0x62,0x79,0x3a,0x20,0x53,
  0x56,0x47,0x20,0x52,0x65,0x70,0x6f,0x20,0x4d,0x69,0x78,0x65,0x72,0x20,0x54,0x6f,
  0x6f,0x6c,0x73,0x20,0x2d,0x2d,0x3e,0xa,0x3c,0x73,0x76,0x67,0x20,0x68,0x65,0x69,
  0x67,0x68,0x74,0x3d,0x22,0x38,0x30,0x30,0x70,0x78,0x22,0x20,0x77,0x69,0x64,0x74,
  0x68,0x3d,0x22,0x38,0x30,0x30,0x70,0x78,0x22,0x20,0x76,0x65,0x72,0x73,0x69,0x6f,
  0x6e,0x3d,0x22,0x31,0x2e,0x31,0x22,0x20,0x69,0x64,0x3d,0x22,0x4c,0x61,0x79,0x65,
  0x72,0x5f,0x31,0x22,0x20,0x78,0x6d,0x6c,0x6e,0x73,0x3d,0x22,0x68,0x74,0x74,0x70,
  0x3a,0x2f,0x2f,0x77,0x77,0x77,0x2e,0x77,0x33,0x2e,0x6f,0x72,0x67,0x2f,0x32,0x30,
  0x30,0x30,0x2f,0x73,0x76,0x67,0x22,0x20,0x78,0x6d,0x6c,0x6e,0x73,0x3a,0x78,0x6c,
  0x69,0x6e,0x6b,0x3d,0x22,0x68,0x74,0x74,0x70,0x3a,0x2f,0x2f,0x77,0x77,0x77,0x2e,
  0x77,0x33,0x2e,0x6f,0x72,0x67,0x2f,0x31,0x39,0x39,0x39,0x2f,0x78,0x6c,0x69,0x6e,
  0x6b,0x22,0x20,0x76,0x69,0x65,0x77,0x42,0x6f,0x78,0x3d,0x22,0x30,0x20,0x30,0x20,
  0x35,0x31,0x31,0x2e,0x39,0x39,0x38,0x20,0x35,0x31,0x31,0x2e,0x39,0x39,0x38,0x22,
  0x20,0x78,0x6d,0x6c,0x3a,0x73,0x70,0x61,0x63,0x65,0x3d,0x22,0x70,0x72,0x65,0x73,
  0x65,0x72,0x76,0x65,0x22,0x20,0x66,0x69,0x6c,0x6c,0x3d,0x22,0x23,0x30,0x30,0x30,
  0x30,0x30,0x30,0x22,0x3e,0xa,0xd,0x3c,0x67,0x20,0x69,0x64,0x3d,0x22,0x53,0x56,
  0x47,0x52,0x65,0x70,0x6f,0x5f,0x62,0x67,0x43,0x61,0x72,0x72,0x69,0x65,0x72,0x22,
  0x20,0x73,0x74,0x72,0x6f,0x6b,0x65,0x2d,0x77,0x69,0x64,0x74,0x68,0x3d,0x22,0x30,
  0x22,0x2f,0x3e,0xa,0xd,0x3c,0x67,0x20,0x69,0x64,0x3d,0x22,0x53,0x56,0x47,0x52,
  0x65,0x70,0x6f,0x5f,0x74,0x72,0x61,0x63,0x65,0x72,0x43,0x61,0x72,0x72,0x69,0x65,
  0x72,0x22,0x20,0x73,0x74,0x72,0x6f,0x6b,0x65,0x2d,0x6c,0x69,0x6e,0x65,0x63,0x61,
  0x70,0x3d,0x22,0x72,0x6f,0x75,0x6e,0x64,0x22,0x20,0x73,0x74,0x72,0x6f,0x6b,0x65,
  0x2d,0x6c,0x69,0x6e,0x65,0x6a,0x6f,0x69,0x6e,0x3d,0x22,0x72,0x6f,0x75,0x6e,0x64,
  0x22,0x2f,0x3e,0xa,0xd,0x3c,0x67,0x20,0x69,0x64,0x3d,0x22,0x53,0x56,0x47,0x52,
  0x65,0x70,0x6f,0x5f,0x69,0x63,0x6f,0x6e,0x43,0x61,0x72,0x72,0x69,0x65,0x72,0x22,
  0x3e,0x20,0x3c,0x70,0x61,0x74,0x68,0x20,0x73,0x74,0x79,0x6c,0x65,0x3d,0x22,0x66,
  0x69,0x6c,0x6c,0x3a,0x23,0x42,0x35,0x45,0x35,0x42,0x43,0x3b,0x22,0x20,0x64,0x3d,
  0x22,0x4d,0x34,0x32,0x33,0x2e,0x32,0x38,0x33,0x2c,0x32,0x35,0x35,0x2e,0x38,0x38,
  0x35,0x63,0x30,0x2c,0x31,0x30,0x37,0x2e,0x32,0x31,0x2d,0x38,0x36,0x2e,0x39,0x31,
  0x33,0x2c,0x31,0x39,0x34,0x2e,0x31,0x32,0x2d,0x31,0x39,0x34,0x2e,0x31,0x32,0x36,
  0x2c,0x31,0x39,0x34,0x2e,0x31,0x32,0x53,0x33,0x35,0x2e,0x30,0x33,0x31,0x2c,0x33,
  0x36,0x33,0x2e,0x30,0x39,0x35,0x2c,0x33,0x35,0x2e,0x30,0x33,0x31,0x2c,0x32,0x35,
  0x35,0x2e,0x38,0x38,0x35,0x20,0x53,0x31,0x32,0x31,0x2e,0x39,0x34,0x34,0x2c,0x36,
  0x31,0x2e,0x37,0x36,0x36,0x2c,0x32,0x32,0x39,0x2e,0x31,0x35,0x36,0x2c,0x36,0x31,
  0x2e,0x37,0x36,0x36,0x53,0x34,0x32,0x33,0x2e,0x32,0x38,0x33,0x2c,0x31,0x34,0x38,
  0x2e,0x36,0x37,0x37,0x2c,0x34,0x32,0x33,0x2e,0x32,0x38,0x33,0x2c,0x32,0x35,0x35,
  0x2e,0x38,0x38,0x35,0x7a,0x22,0x2f,0x3e,0x20,0x3c,0x70,0x61,0x74,0x68,0x20,0x73,
  0x74,0x79,0x6c,0x65,0x3d,0x22,0x66,0x69,0x6c,0x6c,0x3a,0x23,0x33,0x35,0x38,0x34,
  0x65,0x34,0x3b,0x22,0x20,0x64,0x3d,0x22,0x4d,0x32,0x34,0x30,0x2e,0x33,0x39,0x39,
  0x2c,0x38,0x2e,0x30,0x39,0x35,0x63,0x31,0x32,0x38,0x2e,0x30,0x35,0x31,0x2c,0x35,
  0x2e,0x37,0x31,0x32,0x2c,0x32,0x33,0x30,0x2e,0x38,0x34,0x36,0x2c,0x31,0x30,0x38,
  0x2e,0x35,0x30,0x34,0x2c,0x32,0x33,0x36,0x2e,0x35,0x35,0x38,0x2c,0x32,0x33,0x36,
  0x2e,0x35,0x35,0x20,0x63,0x30,0x2e,0x32,0x37,0x34,0x2c,0x36,0x2e,0x31,0x32,0x39,
  0x2d,0x34,0x2e,0x36,0x34,0x39,0x2c,0x31,0x31,0x2e,0x32,0x34,0x31,0x2d,0x31,0x30,
  0x2e,0x37,0x38,0x33,0x2c,0x31,0x31,0x2e,0x32,0x34,0x31,0x48,0x32,0x32,0x39,0x2e,
  0x31,0x35,0x36,0x56,0x31,0x38,0x2e,0x38,0x37,0x37,0x43,0x32,0x32,0x39,0x2e,0x31,
  0x35,0x36,0x2c,0x31,0x32,0x2e,0x37,0x34,0x32,0x2c,0x32,0x33,0x34,0x2e,0x32,0x37,
  0x2c,0x37,0x2e,0x38,0x32,0x31,0x2c,0x32,0x34,0x30,0x2e,0x33,0x39,0x39,0x2c,0x38,
  0x2e,0x30,0x39,0x35,0x7a,0x22,0x2f,0x3e,0x20,0x3c,0x70,0x61,0x74,0x68,0x20,0x73,
  0x74,0x79,0x6c,0x65,0x3d,0x22,0x66,0x69,0x6c,0x6c,0x3a,0x23,0x33,0x35,0x38,0x34,
  0x65,0x34,0x3b,0x22,0x20,0x64,0x3d,0x22,0x4d,0x34,0x37,0x30,0x2e,0x36,0x35,0x2c,
  0x34,0x33,0x36,0x2e,0x36,0x30,0x34,0x6c,0x2d,0x39,0x33,0x2e,0x31,0x32,0x33,0x2d,
  0x39,0x33,0x2e,0x33,0x36,0x63,0x2d,0x38,0x2e,0x34,0x32,0x34,0x2d,0x38,0x2e,0x34,
  0x32,0x34,0x2d,0x32,0x32,0x2e,0x30,0x38,0x31,0x2d,0x38,0x2e,0x34,0x32,0x34,0x2d,
  0x33,0x30,0x2e,0x35,0x30,0x34,0x2c,0x30,0x6c,0x2d,0x32,0x34,0x2e,0x33,0x33,0x35,
  0x2d,0x32,0x34,0x2e,0x33,0x33,0x35,0x20,0x63,0x32,0x39,0x2e,0x38,0x30,0x35,0x2d,
  0x34,0x34,0x2e,0x30,0x34,0x38,0x2c,0x32,0x35,0x2e,0x32,0x31,0x32,0x2d,0x31,0x30,
  0x34,0x2e,0x34,0x32,0x36,0x2d,0x31,0x33,0x2e,0x37,0x39,0x35,0x2d,0x31,0x34,0x33,
  0x2e,0x34,0x33,0x32,0x63,0x2d,0x34,0x34,0x2e,0x32,0x32,0x33,0x2d,0x34,0x34,0x2e,
  0x32,0x32,0x32,0x2d,0x31,0x31,0x35,0x2e,0x39,0x32,0x32,0x2d,0x34,0x34,0x2e,0x32,
  0x32,0x32,0x2d,0x31,0x36,0x30,0x2e,0x31,0x34,0x36,0x2c,0x30,0x73,0x2d,0x34,0x34,
  0x2e,0x32,0x32,0x33,0x2c,0x31,0x31,0x35,0x2e,0x39,0x31,0x39,0x2c,0x30,0x2c,0x31,
  0x36,0x30,0x2e,0x31,0x34,0x31,0x20,0x63,0x33,0x39,0x2e,0x30,0x30,0x37,0x2c,0x33,
  0x39,0x2e,0x30,0x30,0x36,0x2c,0x39,0x39,0x2e,0x33,0x38,0x37,0x2c,0x34,0x33,0x2e,
  0x35,0x39,0x39,0x2c,0x31,0x34,0x33,0x2e,0x34,0x33,0x37,0x2c,0x31,0x33,0x2e,0x37,
  0x39,0x35,0x6c,0x32,0x34,0x2e,0x33,0x33,0x35,0x2c,0x32,0x34,0x2e,0x33,0x33,0x35,
  0x63,0x2d,0x38,0x2e,0x34,0x32,0x34,0x2c,0x38,0x2e,0x34,0x32,0x33,0x2d,0x38,0x2e,
  0x34,0x32,0x34,0x2c,0x32,0x32,0x2e,0x30,0x38,0x2c,0x30,0x2c,0x33,0x30,0x2e,0x35,
  0x30,0x33,0x6c,0x39,0x33,0x2e,0x31,0x32,0x33,0x2c,0x39,0x33,0x2e,0x33,0x36,0x20,
  0x63,0x38,0x2e,0x34,0x32,0x34,0x2c,0x38,0x2e,0x34,0x32,0x33,0x2c,0x32,0x32,0x2e,
  0x30,0x38,0x31,0x2c,0x38,0x2e,0x34,0x32,0x33,0x2c,0x33,0x30,0x2e,0x35,0x30,0x34,
  0x2c,0x30,0x6c,0x33,0x30,0x2e,0x35,0x30,0x34,0x2d,0x33,0x30,0x2e,0x35,0x30,0x33,
  0x43,0x34,0x37,0x39,0x2e,0x30,0x37,0x33,0x2c,0x34,0x35,0x38,0x2e,0x36,0x38,0x34,
  0x2c,0x34,0x37,0x39,0x2e,0x30,0x37,0x33,0x2c,0x34,0x34,0x35,0x2e,0x30,0x32,0x38,
  0x2c,0x34,0x37,0x30,0x2e,0x36,0x35,0x2c,0x34,0x33,0x36,0x2e,0x36,0x30,0x34,0x7a,
  0x22,0x2f,0x3e,0x20,0x3c,0x70,0x61,0x74,0x68,0x20,0x73,0x74,0x79,0x6c,0x65,0x3d,
  0x22,0x66,0x69,0x6c,0x6c,0x3a,0x23,0x32,0x35,0x36,0x32,0x37,0x37,0x3b,0x22,0x20,
  0x64,0x3d,0x22,0x4d,0x33,0x32,0x32,0x2e,0x36,0x38,0x37,0x2c,0x33,0x31,0x38,0x2e,
  0x39,0x31,0x31,0x6c,0x32,0x34,0x2e,0x33,0x33,0x36,0x2c,0x32,0x34,0x2e,0x33,0x33,
  0x35,0x6c,0x2d,0x33,0x30,0x2e,0x35,0x30,0x34,0x2c,0x33,0x30,0x2e,0x35,0x30,0x33,
  0x6c,0x2d,0x32,0x34,0x2e,0x33,0x33,0x36,0x2d,0x32,0x34,0x2e,0x33,0x33,0x35,0x20,
  0x63,0x35,0x2e,0x38,0x39,0x31,0x2d,0x33,0x2e,0x39,0x38,0x36,0x2c,0x31,0x31,0x2e,
  0x34,0x39,0x32,0x2d,0x38,0x2e,0x35,0x37,0x38,0x2c,0x31,0x36,0x2e,0x37,0x31,0x2d,
  0x31,0x33,0x2e,0x37,0x39,0x35,0x43,0x33,0x31,0x34,0x2e,0x31,0x31,0x2c,0x33,0x33,
  0x30,0x2e,0x34,0x30,0x33,0x2c,0x33,0x31,0x38,0x2e,0x37,0x30,0x33,0x2c,0x33,0x32,
  0x34,0x2e,0x38,0x30,0x32,0x2c,0x33,0x32,0x32,0x2e,0x36,0x38,0x37,0x2c,0x33,0x31,
  0x38,0x2e,0x39,0x31,0x31,0x7a,0x22,0x2f,0x3e,0x20,0x3c,0x70,0x61,0x74,0x68,0x20,
  0x73,0x74,0x79,0x6c,0x65,0x3d,0x22,0x66,0x69,0x6c,0x6c,0x3a,0x23,0x43,0x33,0x45,
  0x34,0x45,0x44,0x3b,0x22,0x20,0x64,0x3d,0x22,0x4d,0x33,0x30,0x34,0x2e,0x33,0x31,
  0x34,0x2c,0x32,0x35,0x35,0x2e,0x35,0x34,0x39,0x63,0x30,0x2c,0x34,0x31,0x2e,0x36,
  0x39,0x33,0x2d,0x33,0x33,0x2e,0x38,0x2c,0x37,0x35,0x2e,0x34,0x39,0x31,0x2d,0x37,
  0x35,0x2e,0x34,0x39,0x34,0x2c,0x37,0x35,0x2e,0x34,0x39,0x31,0x73,0x2d,0x37,0x35,
  0x2e,0x34,0x39,0x34,0x2d,0x33,0x33,0x2e,0x37,0x39,0x38,0x2d,0x37,0x35,0x2e,0x34,
  0x39,0x34,0x2d,0x37,0x35,0x2e,0x34,0x39,0x31,0x20,0x73,0x33,0x33,0x2e,0x38,0x2d,
  0x37,0x35,0x2e,0x34,0x39,0x31,0x2c,0x37,0x35,0x2e,0x34,0x39,0x34,0x2d,0x37,0x35,
  0x2e,0x34,0x39,0x31,0x53,0x33,0x30,0x34,0x2e,0x33,0x31,0x34,0x2c,0x32,0x31,0x33,
  0x2e,0x38,0x35,0x36,0x2c,0x33,0x30,0x34,0x2e,0x33,0x31,0x34,0x2c,0x32,0x35,0x35,
  0x2e,0x35,0x34,0x39,0x7a,0x22,0x2f,0x3e,0x20,0x3c,0x70,0x61,0x74,0x68,0x20,0x73,
  0x74,0x79,0x6c,0x65,0x3d,0x22,0x66,0x69,0x6c,0x6c,0x3a,0x23,0x44,0x43,0x46,0x33,
  0x46,0x39,0x3b,0x22,0x20,0x64,0x3d,0x22,0x4d,0x32,0x37,0x34,0x2e,0x30,0x33,0x2c,
  0x31,0x39,0x35,0x2e,0x30,0x38,0x38,0x63,0x31,0x31,0x2e,0x37,0x37,0x32,0x2c,0x38,
  0x2e,0x38,0x31,0x36,0x2c,0x32,0x30,0x2e,0x38,0x37,0x32,0x2c,0x32,0x30,0x2e,0x39,
  0x39,0x33,0x2c,0x32,0x35,0x2e,0x39,0x30,0x34,0x2c,0x33,0x35,0x2e,0x31,0x30,0x33,
  0x6c,0x2d,0x39,0x36,0x2e,0x34,0x37,0x34,0x2c,0x39,0x36,0x2e,0x34,0x37,0x31,0x20,
  0x63,0x2d,0x31,0x34,0x2e,0x31,0x31,0x2d,0x35,0x2e,0x30,0x33,0x32,0x2d,0x32,0x36,
  0x2e,0x32,0x38,0x38,0x2d,0x31,0x34,0x2e,0x31,0x33,0x32,0x2d,0x33,0x35,0x2e,0x31,
  0x30,0x34,0x2d,0x32,0x35,0x2e,0x39,0x30,0x33,0x4c,0x32,0x37,0x34,0x2e,0x30,0x33,
  0x2c,0x31,0x39,0x35,0x2e,0x30,0x38,0x38,0x7a,0x20,0x4d,0x31,0x35,0x37,0x2e,0x37,
  0x30,0x35,0x2c,0x32,0x38,0x30,0x2e,0x39,0x30,0x38,0x63,0x31,0x2e,0x32,0x36,0x33,
  0x2c,0x33,0x2e,0x35,0x34,0x33,0x2c,0x32,0x2e,0x37,0x38,0x2c,0x36,0x2e,0x39,0x36,
  0x34,0x2c,0x34,0x2e,0x35,0x33,0x36,0x2c,0x31,0x30,0x2e,0x32,0x34,0x6c,0x31,0x30,
  0x32,0x2e,0x31,0x37,0x38,0x2d,0x31,0x30,0x32,0x2e,0x31,0x37,0x35,0x20,0x63,0x2d,
  0x33,0x2e,0x32,0x37,0x36,0x2d,0x31,0x2e,0x37,0x35,0x35,0x2d,0x36,0x2e,0x36,0x39,
  0x37,0x2d,0x33,0x2e,0x32,0x37,0x32,0x2d,0x31,0x30,0x2e,0x32,0x34,0x2d,0x34,0x2e,
  0x35,0x33,0x36,0x4c,0x31,0x35,0x37,0x2e,0x37,0x30,0x35,0x2c,0x32,0x38,0x30,0x2e,
  0x39,0x30,0x38,0x7a,0x22,0x2f,0x3e,0x20,0x3c,0x70,0x61,0x74,0x68,0x20,0x73,0x74,
  0x79,0x6c,0x65,0x3d,0x22,0x66,0x69,0x6c,0x6c,0x3a,0x23,0x66,0x65,0x64,0x37,0x36,
  0x36,0x3b,0x22,0x20,0x64,0x3d,0x22,0x4d,0x33,0x30,0x34,0x2e,0x33,0x30,0x35,0x2c,
  0x32,0x35,0x35,0x2e,0x38,0x38,0x35,0x68,0x2d,0x36,0x34,0x2e,0x33,0x36,0x34,0x63,
  0x2d,0x35,0x2e,0x39,0x35,0x36,0x2c,0x30,0x2d,0x31,0x30,0x2e,0x37,0x38,0x34,0x2d,
  0x34,0x2e,0x38,0x32,0x38,0x2d,0x31,0x30,0x2e,0x37,0x38,0x34,0x2d,0x31,0x30,0x2e,
  0x37,0x38,0x34,0x76,0x2d,0x36,0x35,0x2e,0x30,0x33,0x35,0x20,0x63,0x31,0x39,0x2e,
  0x32,0x30,0x38,0x2c,0x30,0x2e,0x30,0x38,0x35,0x2c,0x33,0x38,0x2e,0x33,0x39,0x2c,
  0x37,0x2e,0x34,0x34,0x38,0x2c,0x35,0x33,0x2e,0x30,0x34,0x35,0x2c,0x32,0x32,0x2e,
  0x31,0x30,0x33,0x43,0x32,0x39,0x37,0x2e,0x30,0x32,0x38,0x2c,0x32,0x31,0x36,0x2e,
  0x39,0x39,0x35,0x2c,0x33,0x30,0x34,0x2e,0x33,0x39,0x31,0x2c,0x32,0x33,0x36,0x2e,
  0x34,0x35,0x34,0x2c,0x33,0x30,0x34,0x2e,0x33,0x30,0x35,0x2c,0x32,0x35,0x35,0x2e,
  0x38,0x38,0x35,0x7a,0x22,0x2f,0x3e,0x20,0x3c,0x70,0x61,0x74,0x68,0x20,0x73,0x74,
  0x79,0x6c,0x65,0x3d,0x22,0x66,0x69,0x6c,0x6c,0x3a,0x23,0x46,0x46,0x46,0x46,0x46,
  0x46,0x3b,0x22,0x20,0x64,0x3d,0x22,0x4d,0x32,0x32,0x39,0x2e,0x31,0x35,0x36,0x2c,
  0x31,0x39,0x39,0x2e,0x31,0x63,0x31,0x31,0x2e,0x39,0x31,0x33,0x2c,0x30,0x2c,0x32,
  0x31,0x2e,0x35,0x37,0x2c,0x39,0x2e,0x36,0x35,0x37,0x2c,0x32,0x31,0x2e,0x35,0x37,
  0x2c,0x32,0x31,0x2e,0x35,0x36,0x39,0x63,0x30,0x2c,0x31,0x31,0x2e,0x39,0x31,0x32,
  0x2d,0x39,0x2e,0x36,0x35,0x37,0x2c,0x32,0x31,0x2e,0x35,0x36,0x39,0x2d,0x32,0x31,
  0x2e,0x35,0x37,0x2c,0x32,0x31,0x2e,0x35,0x36,0x39,0x20,0x63,0x2d,0x31,0x31,0x2e,
  0x39,0x31,0x33,0x2c,0x30,0x2d,0x32,0x31,0x2e,0x35,0x37,0x2d,0x39,0x2e,0x36,0x35,
  0x37,0x2d,0x32,0x31,0x2e,0x35,0x37,0x2d,0x32,0x31,0x2e,0x35,0x36,0x39,0x43,0x32,
  0x30,0x37,0x2e,0x35,0x38,0x37,0x2c,0x32,0x30,0x38,0x2e,0x37,0x35,0x36,0x2c,0x32,
  0x31,0x37,0x2e,0x32,0x34,0x35,0x2c,0x31,0x39,0x39,0x2e,0x31,0x2c,0x32,0x32,0x39,
  0x2e,0x31,0x35,0x36,0x2c,0x31,0x39,0x39,0x2e,0x31,0x7a,0x22,0x2f,0x3e,0x20,0x3c,
  0x70,0x61,0x74,0x68,0x20,0x73,0x74,0x79,0x6c,0x65,0x3d,0x22,0x66,0x69,0x6c,0x6c,
  0x3a,0x23,0x66,0x66,0x66,0x66,0x66,0x66,0x3b,0x22,0x20,0x64,0x3d,0x22,0x4d,0x34,
  0x37,0x36,0x2e,0x33,0x37,0x33,0x2c,0x34,0x33,0x30,0x2e,0x38,0x39,0x35,0x6c,0x2d,
  0x37,0x32,0x2e,0x36,0x38,0x31,0x2d,0x37,0x32,0x2e,0x38,0x36,0x36,0x63,0x31,0x36,
  0x2e,0x37,0x36,0x39,0x2d,0x32,0x38,0x2e,0x35,0x39,0x35,0x2c,0x32,0x36,0x2e,0x31,
  0x39,0x38,0x2d,0x36,0x30,0x2e,0x38,0x34,0x31,0x2c,0x32,0x37,0x2e,0x35,0x31,0x35,
  0x2d,0x39,0x34,0x2e,0x30,0x35,0x39,0x68,0x33,0x34,0x2e,0x39,0x36,0x35,0x20,0x63,
  0x35,0x2e,0x31,0x33,0x2c,0x30,0x2c,0x31,0x30,0x2e,0x31,0x30,0x35,0x2d,0x32,0x2e,
  0x31,0x32,0x37,0x2c,0x31,0x33,0x2e,0x36,0x35,0x33,0x2d,0x35,0x2e,0x38,0x33,0x35,
  0x63,0x33,0x2e,0x35,0x38,0x38,0x2d,0x33,0x2e,0x37,0x35,0x32,0x2c,0x35,0x2e,0x34,
  0x33,0x38,0x2d,0x38,0x2e,0x36,0x37,0x31,0x2c,0x35,0x2e,0x32,0x30,0x37,0x2d,0x31,
  0x33,0x2e,0x38,0x35,0x31,0x63,0x2d,0x32,0x2e,0x38,0x35,0x32,0x2d,0x36,0x33,0x2e,
  0x39,0x35,0x31,0x2d,0x32,0x39,0x2e,0x34,0x30,0x33,0x2d,0x31,0x32,0x34,0x2e,0x31,
  0x35,0x2d,0x37,0x34,0x2e,0x37,0x36,0x32,0x2d,0x31,0x36,0x39,0x2e,0x35,0x30,0x37,
  0x20,0x43,0x33,0x36,0x34,0x2e,0x39,0x31,0x32,0x2c,0x32,0x39,0x2e,0x34,0x32,0x32,
  0x2c,0x33,0x30,0x34,0x2e,0x37,0x31,0x2c,0x32,0x2e,0x38,0x37,0x31,0x2c,0x32,0x34,
  0x30,0x2e,0x37,0x35,0x38,0x2c,0x30,0x2e,0x30,0x31,0x39,0x63,0x2d,0x35,0x2e,0x32,
  0x31,0x34,0x2d,0x30,0x2e,0x32,0x32,0x39,0x2d,0x31,0x30,0x2e,0x31,0x2c,0x31,0x2e,
  0x36,0x31,0x39,0x2d,0x31,0x33,0x2e,0x38,0x35,0x32,0x2c,0x35,0x2e,0x32,0x30,0x38,
  0x63,0x2d,0x33,0x2e,0x37,0x30,0x38,0x2c,0x33,0x2e,0x35,0x34,0x36,0x2d,0x35,0x2e,
  0x38,0x33,0x35,0x2c,0x38,0x2e,0x35,0x32,0x32,0x2d,0x35,0x2e,0x38,0x33,0x35,0x2c,
  0x31,0x33,0x2e,0x36,0x35,0x32,0x76,0x33,0x34,0x2e,0x39,0x36,0x34,0x20,0x43,0x31,
  0x31,0x33,0x2e,0x33,0x30,0x38,0x2c,0x35,0x38,0x2e,0x31,0x2c,0x32,0x36,0x2e,0x39,
  0x34,0x37,0x2c,0x31,0x34,0x37,0x2e,0x30,0x39,0x38,0x2c,0x32,0x36,0x2e,0x39,0x34,
  0x37,0x2c,0x32,0x35,0x35,0x2e,0x38,0x38,0x35,0x63,0x30,0x2c,0x31,0x31,0x31,0x2e,
  0x34,0x39,0x35,0x2c,0x39,0x30,0x2e,0x37,0x31,0x31,0x2c,0x32,0x30,0x32,0x2e,0x32,
  0x30,0x34,0x2c,0x32,0x30,0x32,0x2e,0x32,0x31,0x31,0x2c,0x32,0x30,0x32,0x2e,0x32,
  0x30,0x34,0x63,0x33,0x36,0x2e,0x30,0x33,0x34,0x2c,0x30,0x2c,0x37,0x31,0x2e,0x31,
  0x38,0x35,0x2d,0x39,0x2e,0x35,0x33,0x35,0x2c,0x31,0x30,0x32,0x2e,0x30,0x38,0x31,
  0x2d,0x32,0x37,0x2e,0x36,0x33,0x35,0x20,0x6c,0x37,0x32,0x2e,0x36,0x38,0x38,0x2c,
  0x37,0x32,0x2e,0x38,0x37,0x32,0x63,0x35,0x2e,0x37,0x38,0x32,0x2c,0x35,0x2e,0x37,
  0x38,0x32,0x2c,0x31,0x33,0x2e,0x33,0x37,0x33,0x2c,0x38,0x2e,0x36,0x37,0x32,0x2c,
  0x32,0x30,0x2e,0x39,0x36,0x38,0x2c,0x38,0x2e,0x36,0x37,0x32,0x63,0x37,0x2e,0x35,
  0x39,0x33,0x2c,0x30,0x2c,0x31,0x35,0x2e,0x31,0x38,0x38,0x2d,0x32,0x2e,0x38,0x39,
  0x31,0x2c,0x32,0x30,0x2e,0x39,0x36,0x37,0x2d,0x38,0x2e,0x36,0x37,0x32,0x6c,0x33,
  0x30,0x2e,0x35,0x30,0x35,0x2d,0x33,0x30,0x2e,0x35,0x30,0x33,0x20,0x63,0x35,0x2e,
  0x36,0x2d,0x35,0x2e,0x36,0x30,0x31,0x2c,0x38,0x2e,0x36,0x38,0x35,0x2d,0x31,0x33,
  0x2e,0x30,0x34,0x37,0x2c,0x38,0x2e,0x36,0x38,0x35,0x2d,0x32,0x30,0x2e,0x39,0x36,
  0x38,0x43,0x34,0x38,0x35,0x2e,0x30,0x35,0x31,0x2c,0x34,0x34,0x33,0x2e,0x39,0x33,
  0x35,0x2c,0x34,0x38,0x31,0x2e,0x39,0x36,0x37,0x2c,0x34,0x33,0x36,0x2e,0x34,0x38,
  0x38,0x2c,0x34,0x37,0x36,0x2e,0x33,0x37,0x33,0x2c,0x34,0x33,0x30,0x2e,0x38,0x39,
  0x35,0x7a,0x20,0x4d,0x33,0x39,0x31,0x2e,0x38,0x35,0x32,0x2c,0x33,0x34,0x36,0x2e,
  0x31,0x36,0x6c,0x2d,0x38,0x2e,0x36,0x30,0x32,0x2d,0x38,0x2e,0x36,0x32,0x34,0x20,
  0x63,0x2d,0x30,0x2e,0x30,0x30,0x32,0x2d,0x30,0x2e,0x30,0x30,0x32,0x2d,0x30,0x2e,
  0x30,0x30,0x34,0x2d,0x30,0x2e,0x30,0x30,0x34,0x2d,0x30,0x2e,0x30,0x30,0x37,0x2d,
  0x30,0x2e,0x30,0x30,0x36,0x63,0x2d,0x35,0x2e,0x36,0x30,0x31,0x2d,0x35,0x2e,0x36,
  0x30,0x31,0x2d,0x31,0x33,0x2e,0x30,0x34,0x37,0x2d,0x38,0x2e,0x36,0x38,0x36,0x2d,
  0x32,0x30,0x2e,0x39,0x36,0x38,0x2d,0x38,0x2e,0x36,0x38,0x36,0x63,0x2d,0x35,0x2e,
  0x31,0x34,0x38,0x2c,0x30,0x2d,0x31,0x30,0x2e,0x30,0x39,0x37,0x2c,0x31,0x2e,0x33,
  0x30,0x33,0x2d,0x31,0x34,0x2e,0x34,0x36,0x37,0x2c,0x33,0x2e,0x37,0x35,0x33,0x6c,
  0x2d,0x31,0x34,0x2e,0x37,0x39,0x36,0x2d,0x31,0x34,0x2e,0x37,0x39,0x35,0x20,0x63,
  0x39,0x2e,0x37,0x35,0x35,0x2d,0x31,0x36,0x2e,0x32,0x36,0x2c,0x31,0x35,0x2e,0x35,
  0x33,0x38,0x2d,0x33,0x34,0x2e,0x36,0x30,0x37,0x2c,0x31,0x36,0x2e,0x38,0x34,0x38,
  0x2d,0x35,0x33,0x2e,0x38,0x33,0x31,0x68,0x36,0x35,0x2e,0x31,0x36,0x36,0x43,0x34,
  0x31,0x33,0x2e,0x37,0x37,0x38,0x2c,0x32,0x39,0x32,0x2e,0x38,0x38,0x35,0x2c,0x34,
  0x30,0x35,0x2e,0x38,0x35,0x34,0x2c,0x33,0x32,0x30,0x2e,0x39,0x37,0x35,0x2c,0x33,
  0x39,0x31,0x2e,0x38,0x35,0x32,0x2c,0x33,0x34,0x36,0x2e,0x31,0x36,0x7a,0x20,0x4d,
  0x33,0x33,0x35,0x2e,0x35,0x39,0x2c,0x33,0x34,0x33,0x2e,0x32,0x34,0x35,0x6c,0x2d,
  0x31,0x39,0x2e,0x30,0x37,0x2c,0x31,0x39,0x2e,0x30,0x37,0x20,0x6c,0x2d,0x31,0x31,
  0x2e,0x39,0x37,0x31,0x2d,0x31,0x31,0x2e,0x39,0x37,0x31,0x63,0x33,0x2e,0x34,0x37,
  0x39,0x2d,0x32,0x2e,0x37,0x38,0x33,0x2c,0x36,0x2e,0x38,0x33,0x39,0x2d,0x35,0x2e,
  0x37,0x38,0x36,0x2c,0x31,0x30,0x2e,0x30,0x36,0x31,0x2d,0x39,0x2e,0x30,0x30,0x39,
  0x63,0x33,0x2e,0x32,0x30,0x39,0x2d,0x33,0x2e,0x32,0x30,0x38,0x2c,0x36,0x2e,0x32,
  0x31,0x37,0x2d,0x36,0x2e,0x35,0x36,0x37,0x2c,0x39,0x2e,0x30,0x31,0x36,0x2d,0x31,
  0x30,0x2e,0x30,0x35,0x36,0x4c,0x33,0x33,0x35,0x2e,0x35,0x39,0x2c,0x33,0x34,0x33,
  0x2e,0x32,0x34,0x35,0x7a,0x20,0x4d,0x32,0x33,0x37,0x2e,0x32,0x34,0x32,0x2c,0x31,
  0x38,0x2e,0x38,0x37,0x38,0x20,0x63,0x30,0x2d,0x31,0x2e,0x30,0x31,0x31,0x2c,0x30,
  0x2e,0x35,0x32,0x37,0x2d,0x31,0x2e,0x36,0x36,0x36,0x2c,0x30,0x2e,0x38,0x34,0x32,
  0x2d,0x31,0x2e,0x39,0x36,0x37,0x63,0x30,0x2e,0x33,0x30,0x37,0x2d,0x30,0x2e,0x32,
  0x39,0x34,0x2c,0x30,0x2e,0x39,0x34,0x37,0x2d,0x30,0x2e,0x37,0x39,0x35,0x2c,0x31,
  0x2e,0x39,0x35,0x35,0x2d,0x30,0x2e,0x37,0x33,0x39,0x63,0x31,0x32,0x34,0x2e,0x38,
  0x39,0x2c,0x35,0x2e,0x35,0x36,0x39,0x2c,0x32,0x32,0x33,0x2e,0x32,0x37,0x32,0x2c,
  0x31,0x30,0x33,0x2e,0x39,0x34,0x37,0x2c,0x32,0x32,0x38,0x2e,0x38,0x34,0x32,0x2c,
  0x32,0x32,0x38,0x2e,0x38,0x33,0x33,0x20,0x63,0x30,0x2e,0x30,0x34,0x33,0x2c,0x30,
  0x2e,0x39,0x38,0x33,0x2d,0x30,0x2e,0x34,0x34,0x35,0x2c,0x31,0x2e,0x36,0x34,0x37,
  0x2d,0x30,0x2e,0x37,0x34,0x31,0x2c,0x31,0x2e,0x39,0x35,0x35,0x63,0x2d,0x30,0x2e,
  0x33,0x30,0x31,0x2c,0x30,0x2e,0x33,0x31,0x35,0x2d,0x30,0x2e,0x39,0x35,0x37,0x2c,
  0x30,0x2e,0x38,0x34,0x32,0x2d,0x31,0x2e,0x39,0x36,0x38,0x2c,0x30,0x2e,0x38,0x34,
  0x32,0x68,0x2d,0x31,0x31,0x36,0x2e,0x32,0x37,0x63,0x2d,0x31,0x2e,0x38,0x34,0x36,
  0x2d,0x32,0x39,0x2e,0x34,0x39,0x2d,0x31,0x34,0x2e,0x32,0x31,0x35,0x2d,0x35,0x36,
  0x2e,0x39,0x36,0x31,0x2d,0x33,0x35,0x2e,0x32,0x39,0x34,0x2d,0x37,0x38,0x2e,0x30,
  0x33,0x38,0x20,0x63,0x2d,0x32,0x31,0x2e,0x35,0x31,0x33,0x2d,0x32,0x31,0x2e,0x35,
  0x31,0x33,0x2d,0x34,0x39,0x2e,0x31,0x36,0x34,0x2d,0x33,0x33,0x2e,0x32,0x34,0x32,
  0x2d,0x37,0x37,0x2e,0x33,0x36,0x37,0x2d,0x33,0x35,0x2e,0x31,0x38,0x38,0x4c,0x32,
  0x33,0x37,0x2e,0x32,0x34,0x32,0x2c,0x31,0x38,0x2e,0x38,0x37,0x38,0x4c,0x32,0x33,
  0x37,0x2e,0x32,0x34,0x32,0x2c,0x31,0x38,0x2e,0x38,0x37,0x38,0x7a,0x20,0x4d,0x32,
  0x32,0x38,0x2e,0x38,0x32,0x2c,0x31,0x35,0x30,0x2e,0x34,0x34,0x36,0x63,0x32,0x36,
  0x2e,0x39,0x32,0x37,0x2c,0x30,0x2c,0x35,0x33,0x2e,0x38,0x35,0x36,0x2c,0x31,0x30,
  0x2e,0x32,0x35,0x2c,0x37,0x34,0x2e,0x33,0x35,0x36,0x2c,0x33,0x30,0x2e,0x37,0x35,
  0x20,0x63,0x31,0x39,0x2e,0x38,0x36,0x31,0x2c,0x31,0x39,0x2e,0x38,0x36,0x2c,0x33,
  0x30,0x2e,0x37,0x39,0x39,0x2c,0x34,0x36,0x2e,0x32,0x36,0x36,0x2c,0x33,0x30,0x2e,
  0x37,0x39,0x39,0x2c,0x37,0x34,0x2e,0x33,0x35,0x33,0x63,0x30,0x2c,0x30,0x2e,0x30,
  0x32,0x34,0x2c,0x30,0x2c,0x30,0x2e,0x30,0x35,0x2c,0x30,0x2c,0x30,0x2e,0x30,0x37,
  0x33,0x63,0x2d,0x30,0x2e,0x30,0x30,0x33,0x2c,0x30,0x2e,0x30,0x38,0x37,0x2d,0x30,
  0x2e,0x30,0x30,0x34,0x2c,0x30,0x2e,0x31,0x37,0x36,0x2d,0x30,0x2e,0x30,0x30,0x34,
  0x2c,0x30,0x2e,0x32,0x36,0x33,0x20,0x63,0x30,0x2c,0x30,0x2e,0x30,0x37,0x32,0x2c,
  0x30,0x2e,0x30,0x30,0x31,0x2c,0x30,0x2e,0x31,0x34,0x33,0x2c,0x30,0x2e,0x30,0x30,
  0x33,0x2c,0x30,0x2e,0x32,0x31,0x36,0x63,0x2d,0x30,0x2e,0x31,0x30,0x37,0x2c,0x32,
  0x30,0x2e,0x38,0x39,0x38,0x2d,0x36,0x2e,0x32,0x37,0x2c,0x34,0x30,0x2e,0x38,0x34,
  0x35,0x2d,0x31,0x37,0x2e,0x36,0x36,0x2c,0x35,0x37,0x2e,0x38,0x33,0x34,0x63,0x2d,
  0x30,0x2e,0x32,0x33,0x2c,0x30,0x2e,0x32,0x39,0x32,0x2d,0x30,0x2e,0x34,0x33,0x34,
  0x2c,0x30,0x2e,0x35,0x39,0x37,0x2d,0x30,0x2e,0x36,0x31,0x38,0x2c,0x30,0x2e,0x39,
  0x31,0x31,0x20,0x63,0x2d,0x33,0x2e,0x36,0x36,0x31,0x2c,0x35,0x2e,0x33,0x33,0x39,
  0x2d,0x37,0x2e,0x38,0x34,0x33,0x2c,0x31,0x30,0x2e,0x33,0x38,0x2d,0x31,0x32,0x2e,
  0x35,0x32,0x2c,0x31,0x35,0x2e,0x30,0x35,0x36,0x63,0x2d,0x34,0x2e,0x38,0x31,0x31,
  0x2c,0x34,0x2e,0x38,0x31,0x2d,0x39,0x2e,0x39,0x37,0x31,0x2c,0x39,0x2e,0x30,0x35,
  0x33,0x2d,0x31,0x35,0x2e,0x34,0x30,0x35,0x2c,0x31,0x32,0x2e,0x37,0x33,0x34,0x63,
  0x2d,0x30,0x2e,0x30,0x37,0x31,0x2c,0x30,0x2e,0x30,0x34,0x37,0x2d,0x30,0x2e,0x31,
  0x34,0x34,0x2c,0x30,0x2e,0x30,0x39,0x36,0x2d,0x30,0x2e,0x32,0x31,0x35,0x2c,0x30,
  0x2e,0x31,0x34,0x36,0x20,0x63,0x2d,0x31,0x37,0x2e,0x36,0x38,0x33,0x2c,0x31,0x31,
  0x2e,0x39,0x31,0x35,0x2d,0x33,0x38,0x2e,0x32,0x30,0x36,0x2c,0x31,0x37,0x2e,0x38,
  0x37,0x31,0x2d,0x35,0x38,0x2e,0x37,0x33,0x37,0x2c,0x31,0x37,0x2e,0x38,0x36,0x39,
  0x63,0x2d,0x32,0x36,0x2e,0x39,0x32,0x35,0x2d,0x30,0x2e,0x30,0x30,0x32,0x2d,0x35,
  0x33,0x2e,0x38,0x35,0x39,0x2d,0x31,0x30,0x2e,0x32,0x35,0x32,0x2d,0x37,0x34,0x2e,
  0x33,0x35,0x36,0x2d,0x33,0x30,0x2e,0x37,0x35,0x63,0x2d,0x31,0x39,0x2e,0x38,0x36,
  0x31,0x2d,0x31,0x39,0x2e,0x38,0x36,0x2d,0x33,0x30,0x2e,0x37,0x39,0x39,0x2d,0x34,
  0x36,0x2e,0x32,0x36,0x36,0x2d,0x33,0x30,0x2e,0x37,0x39,0x39,0x2d,0x37,0x34,0x2e,
  0x33,0x35,0x33,0x20,0x73,0x31,0x30,0x2e,0x39,0x33,0x37,0x2d,0x35,0x34,0x2e,0x34,
  0x39,0x33,0x2c,0x33,0x30,0x2e,0x37,0x39,0x39,0x2d,0x37,0x34,0x2e,0x33,0x35,0x33,
  0x63,0x30,0x2c,0x30,0x2c,0x30,0x2c,0x30,0x2c,0x30,0x2e,0x30,0x30,0x31,0x2c,0x30,
  0x43,0x31,0x37,0x34,0x2e,0x39,0x36,0x33,0x2c,0x31,0x36,0x30,0x2e,0x36,0x39,0x35,
  0x2c,0x32,0x30,0x31,0x2e,0x38,0x39,0x32,0x2c,0x31,0x35,0x30,0x2e,0x34,0x34,0x36,
  0x2c,0x32,0x32,0x38,0x2e,0x38,0x32,0x2c,0x31,0x35,0x30,0x2e,0x34,0x34,0x36,0x7a,
  0x20,0x4d,0x32,0x32,0x39,0x2e,0x31,0x35,0x38,0x2c,0x34,0x34,0x31,0x2e,0x39,0x32,
  0x31,0x20,0x63,0x2d,0x31,0x30,0x32,0x2e,0x35,0x38,0x34,0x2c,0x30,0x2d,0x31,0x38,
  0x36,0x2e,0x30,0x34,0x32,0x2d,0x38,0x33,0x2e,0x34,0x35,0x36,0x2d,0x31,0x38,0x36,
  0x2e,0x30,0x34,0x32,0x2d,0x31,0x38,0x36,0x2e,0x30,0x33,0x36,0x63,0x30,0x2d,0x39,
  0x39,0x2e,0x38,0x36,0x39,0x2c,0x37,0x39,0x2e,0x31,0x31,0x33,0x2d,0x31,0x38,0x31,
  0x2e,0x36,0x31,0x31,0x2c,0x31,0x37,0x37,0x2e,0x39,0x35,0x38,0x2d,0x31,0x38,0x35,
  0x2e,0x38,0x36,0x32,0x76,0x36,0x34,0x2e,0x35,0x30,0x37,0x20,0x63,0x2d,0x32,0x38,
  0x2e,0x34,0x33,0x39,0x2c,0x31,0x2e,0x38,0x30,0x32,0x2d,0x35,0x36,0x2e,0x33,0x35,
  0x36,0x2c,0x31,0x33,0x2e,0x35,0x34,0x36,0x2d,0x37,0x38,0x2e,0x30,0x34,0x31,0x2c,
  0x33,0x35,0x2e,0x32,0x33,0x32,0x63,0x2d,0x32,0x32,0x2e,0x39,0x31,0x36,0x2c,0x32,
  0x32,0x2e,0x39,0x31,0x34,0x2d,0x33,0x35,0x2e,0x35,0x33,0x36,0x2c,0x35,0x33,0x2e,
  0x33,0x38,0x31,0x2d,0x33,0x35,0x2e,0x35,0x33,0x36,0x2c,0x38,0x35,0x2e,0x37,0x38,
  0x36,0x73,0x31,0x32,0x2e,0x36,0x32,0x2c,0x36,0x32,0x2e,0x38,0x37,0x33,0x2c,0x33,
  0x35,0x2e,0x35,0x33,0x35,0x2c,0x38,0x35,0x2e,0x37,0x38,0x36,0x20,0x63,0x34,0x30,
  0x2e,0x30,0x37,0x35,0x2c,0x34,0x30,0x2e,0x30,0x37,0x34,0x2c,0x31,0x30,0x31,0x2e,
  0x34,0x33,0x34,0x2c,0x34,0x36,0x2e,0x32,0x30,0x31,0x2c,0x31,0x34,0x38,0x2e,0x30,
  0x31,0x38,0x2c,0x31,0x38,0x2e,0x33,0x37,0x36,0x6c,0x31,0x34,0x2e,0x38,0x32,0x32,
  0x2c,0x31,0x34,0x2e,0x38,0x32,0x31,0x63,0x2d,0x32,0x2e,0x34,0x35,0x2c,0x34,0x2e,
  0x33,0x37,0x31,0x2d,0x33,0x2e,0x37,0x35,0x33,0x2c,0x39,0x2e,0x33,0x31,0x38,0x2d,
  0x33,0x2e,0x37,0x35,0x33,0x2c,0x31,0x34,0x2e,0x34,0x36,0x36,0x20,0x63,0x30,0x2c,
  0x37,0x2e,0x39,0x32,0x2c,0x33,0x2e,0x30,0x38,0x35,0x2c,0x31,0x35,0x2e,0x33,0x36,
  0x38,0x2c,0x38,0x2e,0x36,0x37,0x39,0x2c,0x32,0x30,0x2e,0x39,0x36,0x31,0x6c,0x38,
  0x2e,0x36,0x30,0x39,0x2c,0x38,0x2e,0x36,0x33,0x32,0x43,0x32,0x39,0x31,0x2e,0x38,
  0x38,0x37,0x2c,0x34,0x33,0x33,0x2e,0x38,0x38,0x32,0x2c,0x32,0x36,0x30,0x2e,0x38,
  0x39,0x35,0x2c,0x34,0x34,0x31,0x2e,0x39,0x32,0x31,0x2c,0x32,0x32,0x39,0x2e,0x31,
  0x35,0x38,0x2c,0x34,0x34,0x31,0x2e,0x39,0x32,0x31,0x7a,0x20,0x4d,0x34,0x36,0x34,
  0x2e,0x39,0x33,0x34,0x2c,0x34,0x36,0x31,0x2e,0x33,0x39,0x6c,0x2d,0x33,0x30,0x2e,
  0x35,0x30,0x35,0x2c,0x33,0x30,0x2e,0x35,0x30,0x33,0x20,0x63,0x2d,0x32,0x2e,0x35,
  0x34,0x36,0x2c,0x32,0x2e,0x35,0x34,0x37,0x2d,0x35,0x2e,0x39,0x33,0x33,0x2c,0x33,
  0x2e,0x39,0x34,0x39,0x2d,0x39,0x2e,0x35,0x33,0x35,0x2c,0x33,0x2e,0x39,0x34,0x39,
  0x73,0x2d,0x36,0x2e,0x39,0x38,0x38,0x2d,0x31,0x2e,0x34,0x30,0x32,0x2d,0x39,0x2e,
  0x35,0x32,0x39,0x2d,0x33,0x2e,0x39,0x34,0x33,0x6c,0x2d,0x37,0x37,0x2e,0x30,0x35,
  0x33,0x2d,0x37,0x37,0x2e,0x32,0x34,0x38,0x63,0x2d,0x30,0x2e,0x30,0x37,0x39,0x2d,
  0x30,0x2e,0x30,0x38,0x33,0x2d,0x30,0x2e,0x31,0x36,0x2d,0x30,0x2e,0x31,0x36,0x34,
  0x2d,0x30,0x2e,0x32,0x34,0x33,0x2d,0x30,0x2e,0x32,0x34,0x33,0x20,0x6c,0x2d,0x31,
  0x35,0x2e,0x38,0x33,0x34,0x2d,0x31,0x35,0x2e,0x38,0x37,0x34,0x63,0x2d,0x32,0x2e,
  0x35,0x34,0x36,0x2d,0x32,0x2e,0x35,0x34,0x37,0x2d,0x33,0x2e,0x39,0x34,0x39,0x2d,
  0x35,0x2e,0x39,0x33,0x33,0x2d,0x33,0x2e,0x39,0x34,0x39,0x2d,0x39,0x2e,0x35,0x33,
  0x35,0x63,0x30,0x2d,0x33,0x2e,0x36,0x30,0x31,0x2c,0x31,0x2e,0x34,0x30,0x33,0x2d,
  0x36,0x2e,0x39,0x38,0x38,0x2c,0x33,0x2e,0x39,0x34,0x39,0x2d,0x39,0x2e,0x35,0x33,
  0x34,0x6c,0x33,0x30,0x2e,0x35,0x30,0x35,0x2d,0x33,0x30,0x2e,0x35,0x30,0x33,0x20,
  0x63,0x35,0x2e,0x32,0x35,0x36,0x2d,0x35,0x2e,0x32,0x35,0x37,0x2c,0x31,0x33,0x2e,
  0x38,0x31,0x31,0x2d,0x35,0x2e,0x32,0x35,0x39,0x2c,0x31,0x39,0x2e,0x30,0x36,0x39,
  0x2c,0x30,0x6c,0x31,0x35,0x2e,0x38,0x33,0x33,0x2c,0x31,0x35,0x2e,0x38,0x37,0x33,
  0x63,0x30,0x2e,0x30,0x37,0x37,0x2c,0x30,0x2e,0x30,0x38,0x2c,0x30,0x2e,0x31,0x35,
  0x35,0x2c,0x30,0x2e,0x31,0x35,0x38,0x2c,0x30,0x2e,0x32,0x33,0x35,0x2c,0x30,0x2e,
  0x32,0x33,0x35,0x6c,0x37,0x37,0x2e,0x30,0x35,0x35,0x2c,0x37,0x37,0x2e,0x32,0x35,
  0x31,0x20,0x63,0x32,0x2e,0x35,0x34,0x36,0x2c,0x32,0x2e,0x35,0x34,0x37,0x2c,0x33,
  0x2e,0x39,0x34,0x38,0x2c,0x35,0x2e,0x39,0x33,0x33,0x2c,0x33,0x2e,0x39,0x34,0x38,
  0x2c,0x39,0x2e,0x35,0x33,0x35,0x43,0x34,0x36,0x38,0x2e,0x38,0x38,0x32,0x2c,0x34,
  0x35,0x35,0x2e,0x34,0x35,0x37,0x2c,0x34,0x36,0x37,0x2e,0x34,0x38,0x2c,0x34,0x35,
  0x38,0x2e,0x38,0x34,0x34,0x2c,0x34,0x36,0x34,0x2e,0x39,0x33,0x34,0x2c,0x34,0x36,
  0x31,0x2e,0x33,0x39,0x7a,0x20,0x4d,0x31,0x36,0x39,0x2e,0x37,0x32,0x32,0x2c,0x33,
  0x31,0x34,0x2e,0x36,0x34,0x36,0x20,0x63,0x31,0x36,0x2e,0x32,0x39,0x32,0x2c,0x31,
  0x36,0x2e,0x32,0x39,0x32,0x2c,0x33,0x37,0x2e,0x36,0x39,0x36,0x2c,0x32,0x34,0x2e,
  0x34,0x33,0x39,0x2c,0x35,0x39,0x2e,0x30,0x39,0x38,0x2c,0x32,0x34,0x2e,0x34,0x33,
  0x39,0x73,0x34,0x32,0x2e,0x38,0x30,0x35,0x2d,0x38,0x2e,0x31,0x34,0x37,0x2c,0x35,
  0x39,0x2e,0x30,0x39,0x38,0x2d,0x32,0x34,0x2e,0x34,0x33,0x39,0x63,0x31,0x35,0x2e,
  0x37,0x38,0x37,0x2d,0x31,0x35,0x2e,0x37,0x38,0x36,0x2c,0x32,0x34,0x2e,0x34,0x38,
  0x2d,0x33,0x36,0x2e,0x37,0x37,0x33,0x2c,0x32,0x34,0x2e,0x34,0x38,0x2d,0x35,0x39,
  0x2e,0x30,0x39,0x37,0x20,0x63,0x30,0x2d,0x32,0x32,0x2e,0x33,0x32,0x34,0x2d,0x38,
  0x2e,0x36,0x39,0x33,0x2d,0x34,0x33,0x2e,0x33,0x31,0x32,0x2d,0x32,0x34,0x2e,0x34,
  0x38,0x2d,0x35,0x39,0x2e,0x30,0x39,0x37,0x63,0x2d,0x33,0x32,0x2e,0x35,0x38,0x35,
  0x2d,0x33,0x32,0x2e,0x35,0x38,0x36,0x2d,0x38,0x35,0x2e,0x36,0x31,0x31,0x2d,0x33,
  0x32,0x2e,0x35,0x38,0x36,0x2d,0x31,0x31,0x38,0x2e,0x31,0x39,0x35,0x2c,0x30,0x63,
  0x2d,0x31,0x35,0x2e,0x37,0x38,0x37,0x2c,0x31,0x35,0x2e,0x37,0x38,0x35,0x2d,0x32,
  0x34,0x2e,0x34,0x38,0x2c,0x33,0x36,0x2e,0x37,0x37,0x33,0x2d,0x32,0x34,0x2e,0x34,
  0x38,0x2c,0x35,0x39,0x2e,0x30,0x39,0x38,0x20,0x43,0x31,0x34,0x35,0x2e,0x32,0x34,
  0x32,0x2c,0x32,0x37,0x37,0x2e,0x38,0x37,0x33,0x2c,0x31,0x35,0x33,0x2e,0x39,0x33,
  0x36,0x2c,0x32,0x39,0x38,0x2e,0x38,0x36,0x2c,0x31,0x36,0x39,0x2e,0x37,0x32,0x32,
  0x2c,0x33,0x31,0x34,0x2e,0x36,0x34,0x36,0x7a,0x20,0x4d,0x31,0x38,0x31,0x2e,0x31,
  0x35,0x33,0x2c,0x32,0x30,0x37,0x2e,0x38,0x38,0x36,0x4c,0x31,0x38,0x31,0x2e,0x31,
  0x35,0x33,0x2c,0x32,0x30,0x37,0x2e,0x38,0x38,0x36,0x63,0x31,0x33,0x2e,0x31,0x34,
  0x32,0x2d,0x31,0x33,0x2e,0x31,0x34,0x32,0x2c,0x33,0x30,0x2e,0x34,0x30,0x34,0x2d,
  0x31,0x39,0x2e,0x37,0x31,0x33,0x2c,0x34,0x37,0x2e,0x36,0x36,0x37,0x2d,0x31,0x39,
  0x2e,0x37,0x31,0x33,0x20,0x73,0x33,0x34,0x2e,0x35,0x32,0x34,0x2c,0x36,0x2e,0x35,
  0x37,0x31,0x2c,0x34,0x37,0x2e,0x36,0x36,0x37,0x2c,0x31,0x39,0x2e,0x37,0x31,0x33,
  0x63,0x31,0x32,0x2e,0x37,0x33,0x32,0x2c,0x31,0x32,0x2e,0x37,0x33,0x31,0x2c,0x31,
  0x39,0x2e,0x37,0x34,0x33,0x2c,0x32,0x39,0x2e,0x36,0x35,0x38,0x2c,0x31,0x39,0x2e,
  0x37,0x34,0x33,0x2c,0x34,0x37,0x2e,0x36,0x36,0x33,0x73,0x2d,0x37,0x2e,0x30,0x31,
  0x32,0x2c,0x33,0x34,0x2e,0x39,0x33,0x32,0x2d,0x31,0x39,0x2e,0x37,0x34,0x33,0x2c,
  0x34,0x37,0x2e,0x36,0x36,0x33,0x20,0x63,0x2d,0x32,0x36,0x2e,0x32,0x38,0x34,0x2c,
  0x32,0x36,0x2e,0x32,0x38,0x31,0x2d,0x36,0x39,0x2e,0x30,0x34,0x39,0x2c,0x32,0x36,
  0x2e,0x32,0x38,0x32,0x2d,0x39,0x35,0x2e,0x33,0x33,0x32,0x2c,0x30,0x63,0x2d,0x31,
  0x32,0x2e,0x37,0x33,0x32,0x2d,0x31,0x32,0x2e,0x37,0x33,0x31,0x2d,0x31,0x39,0x2e,
  0x37,0x34,0x33,0x2d,0x32,0x39,0x2e,0x36,0x35,0x38,0x2d,0x31,0x39,0x2e,0x37,0x34,
  0x33,0x2d,0x34,0x37,0x2e,0x36,0x36,0x32,0x20,0x43,0x31,0x36,0x31,0x2e,0x34,0x31,
  0x31,0x2c,0x32,0x33,0x37,0x2e,0x35,0x34,0x34,0x2c,0x31,0x36,0x38,0x2e,0x34,0x32,
  0x32,0x2c,0x32,0x32,0x30,0x2e,0x36,0x31,0x37,0x2c,0x31,0x38,0x31,0x2e,0x31,0x35,
  0x33,0x2c,0x32,0x30,0x37,0x2e,0x38,0x38,0x36,0x7a,0x22,0x2f,0x3e,0x20,0x3c,0x2f,
  0x67,0x3e,0xa,0xd,0x3c,0x2f,0x73,0x76,0x67,0x3e,
  
};

static const unsigned char qt_resource_name[] = {
  // icons
  0x0,0x5,
  0x0,0x6f,0xa6,0x53,
  0x0,0x69,
  0x0,0x63,0x0,0x6f,0x0,0x6e,0x0,0x73,
    // sendhome.svg
  0x0,0xc,
  0xd,0x10,0xcf,0x27,
  0x0,0x73,
  0x0,0x65,0x0,0x6e,0x0,0x64,0x0,0x68,0x0,0x6f,0x0,0x6d,0x0,0x65,0x0,0x2e,0x0,0x73,0x0,0x76,0x0,0x67,
    // sendcustom.svg
  0x0,0xe,
  0x3,0xcd,0x1d,0xe7,
  0x0,0x73,
  0x0,0x65,0x0,0x6e,0x0,0x64,0x0,0x63,0x0,0x75,0x0,0x73,0x0,0x74,0x0,0x6f,0x0,0x6d,0x0,0x2e,0x0,0x73,0x0,0x76,0x0,0x67,
    // senddesktop.svg
  0x0,0xf,
  0x2,0x37,0x21,0x87,
  0x0,0x73,
  0x0,0x65,0x0,0x6e,0x0,0x64,0x0,0x64,0x0,0x65,0x0,0x73,0x0,0x6b,0x0,0x74,0x0,0x6f,0x0,0x70,0x0,0x2e,0x0,0x73,0x0,0x76,0x0,0x67,
    // select.svg
  0x0,0xa,
  0xb,0xa8,0x62,0x87,
  0x0,0x73,
  0x0,0x65,0x0,0x6c,0x0,0x65,0x0,0x63,0x0,0x74,0x0,0x2e,0x0,0x73,0x0,0x76,0x0,0x67,
    // send.svg
  0x0,0x8,
  0xc,0x47,0x55,0xe7,
  0x0,0x73,
  0x0,0x65,0x0,0x6e,0x0,0x64,0x0,0x2e,0x0,0x73,0x0,0x76,0x0,0x67,
    // sendtmp.svg
  0x0,0xb,
  0xb,0xb0,0xd3,0xa7,
  0x0,0x73,
  0x0,0x65,0x0,0x6e,0x0,0x64,0x0,0x74,0x0,0x6d,0x0,0x70,0x0,0x2e,0x0,0x73,0x0,0x76,0x0,0x67,
    // file.svg
  0x0,0x8,
  0x0,0x28,0x57,0x67,
  0x0,0x66,
  0x0,0x69,0x0,0x6c,0x0,0x65,0x0,0x2e,0x0,0x73,0x0,0x76,0x0,0x67,
    // unselect.svg
  0x0,0xc,
  0x4,0x2c,0x62,0x87,
  0x0,0x75,
  0x0,0x6e,0x0,0x73,0x0,0x65,0x0,0x6c,0x0,0x65,0x0,0x63,0x0,0x74,0x0,0x2e,0x0,0x73,0x0,0x76,0x0,0x67,
    // scriptexec.svg
  0x0,0xe,
  0xb,0x96,0xb1,0x27,
  0x0,0x73,
  0x0,0x63,0x0,0x72,0x0,0x69,0x0,0x70,0x0,0x74,0x0,0x65,0x0,0x78,0x0,0x65,0x0,0x63,0x0,0x2e,0x0,0x73,0x0,0x76,0x0,0x67,
    // debinstall.svg
  0x0,0xe,
  0x3,0xf,0xf5,0x27,
  0x0,0x64,
  0x0,0x65,0x0,0x62,0x0,0x69,0x0,0x6e,0x0,0x73,0x0,0x74,0x0,0x61,0x0,0x6c,0x0,0x6c,0x0,0x2e,0x0,0x73,0x0,0x76,0x0,0x67,
    // directory.svg
  0x0,0xd,
  0x0,0x8d,0x2e,0x7,
  0x0,0x64,
  0x0,0x69,0x0,0x72,0x0,0x65,0x0,0x63,0x0,0x74,0x0,0x6f,0x0,0x72,0x0,0x79,0x0,0x2e,0x0,0x73,0x0,0x76,0x0,0x67,
    // search.svg
  0x0,0xa,
  0x8,0x94,0x6d,0xc7,
  0x0,0x73,
  0x0,0x65,0x0,0x61,0x0,0x72,0x0,0x63,0x0,0x68,0x0,0x2e,0x0,0x73,0x0,0x76,0x0,0x67,
  
};

static const unsigned char qt_resource_struct[] = {
  // :
  0x0,0x0,0x0,0x0,0x0,0x2,0x0,0x0,0x0,0x1,0x0,0x0,0x0,0x1,
0x0,0x0,0x1,0x9e,0x60,0xe8,0xc4,0xc0,
  // :/icons
  0x0,0x0,0x0,0x0,0x0,0x2,0x0,0x0,0x0,0xc,0x0,0x0,0x0,0x2,
0x0,0x0,0x1,0x9e,0x60,0xe8,0xc4,0xc0,
  // :/icons/file.svg
  0x0,0x0,0x0,0xc0,0x0,0x0,0x0,0x0,0x0,0x1,0x0,0x0,0x5a,0xee,
0x0,0x0,0x1,0x9e,0x60,0xe8,0xc4,0xc0,
  // :/icons/directory.svg
  0x0,0x0,0x1,0x38,0x0,0x0,0x0,0x0,0x0,0x1,0x0,0x0,0x6c,0x64,
0x0,0x0,0x1,0x9e,0x60,0xe8,0xc4,0xc0,
  // :/icons/senddesktop.svg
  0x0,0x0,0x0,0x50,0x0,0x0,0x0,0x0,0x0,0x1,0x0,0x0,0x29,0xd2,
0x0,0x0,0x1,0x9e,0x60,0xe8,0xc4,0xc0,
  // :/icons/debinstall.svg
  0x0,0x0,0x1,0x16,0x0,0x0,0x0,0x0,0x0,0x1,0x0,0x0,0x66,0xd4,
0x0,0x0,0x1,0x9e,0x60,0xe8,0xc4,0xc0,
  // :/icons/sendcustom.svg
  0x0,0x0,0x0,0x2e,0x0,0x0,0x0,0x0,0x0,0x1,0x0,0x0,0x17,0x97,
0x0,0x0,0x1,0x9e,0x60,0xe8,0xc4,0xc0,
  // :/icons/unselect.svg
  0x0,0x0,0x0,0xd6,0x0,0x0,0x0,0x0,0x0,0x1,0x0,0x0,0x60,0xc3,
0x0,0x0,0x1,0x9e,0x60,0xe8,0xc4,0xc0,
  // :/icons/search.svg
  0x0,0x0,0x1,0x58,0x0,0x0,0x0,0x0,0x0,0x1,0x0,0x0,0x6d,0xbd,
0x0,0x0,0x1,0x9e,0x60,0xe8,0xc4,0xc0,
  // :/icons/scriptexec.svg
  0x0,0x0,0x0,0xf4,0x0,0x0,0x0,0x0,0x0,0x1,0x0,0x0,0x63,0x10,
0x0,0x0,0x1,0x9e,0x60,0xe8,0xc4,0xc0,
  // :/icons/select.svg
  0x0,0x0,0x0,0x74,0x0,0x0,0x0,0x0,0x0,0x1,0x0,0x0,0x3c,0x24,
0x0,0x0,0x1,0x9e,0x60,0xe8,0xc4,0xc0,
  // :/icons/sendtmp.svg
  0x0,0x0,0x0,0xa4,0x0,0x0,0x0,0x0,0x0,0x1,0x0,0x0,0x48,0xb5,
0x0,0x0,0x1,0x9e,0x60,0xe8,0xc4,0xc0,
  // :/icons/send.svg
  0x0,0x0,0x0,0x8e,0x0,0x1,0x0,0x0,0x0,0x1,0x0,0x0,0x43,0x38,
0x0,0x0,0x1,0x9e,0x60,0xe8,0xc4,0xc0,
  // :/icons/sendhome.svg
  0x0,0x0,0x0,0x10,0x0,0x0,0x0,0x0,0x0,0x1,0x0,0x0,0x0,0x0,
0x0,0x0,0x1,0x9e,0x60,0xe8,0xc4,0xc0,

};

#ifdef QT_NAMESPACE
#  define QT_RCC_PREPEND_NAMESPACE(name) ::QT_NAMESPACE::name
#  define QT_RCC_MANGLE_NAMESPACE0(x) x
#  define QT_RCC_MANGLE_NAMESPACE1(a, b) a##_##b
#  define QT_RCC_MANGLE_NAMESPACE2(a, b) QT_RCC_MANGLE_NAMESPACE1(a,b)
#  define QT_RCC_MANGLE_NAMESPACE(name) QT_RCC_MANGLE_NAMESPACE2( \
        QT_RCC_MANGLE_NAMESPACE0(name), QT_RCC_MANGLE_NAMESPACE0(QT_NAMESPACE))
#else
#   define QT_RCC_PREPEND_NAMESPACE(name) name
#   define QT_RCC_MANGLE_NAMESPACE(name) name
#endif

#ifdef QT_NAMESPACE
namespace QT_NAMESPACE {
#endif

bool qRegisterResourceData(int, const unsigned char *, const unsigned char *, const unsigned char *);
bool qUnregisterResourceData(int, const unsigned char *, const unsigned char *, const unsigned char *);

#if defined(__ELF__) || defined(__APPLE__)
static inline unsigned char qResourceFeatureZlib()
{
    extern const unsigned char qt_resourceFeatureZlib;
    return qt_resourceFeatureZlib;
}
#else
unsigned char qResourceFeatureZlib();
#endif

#ifdef QT_NAMESPACE
}
#endif

int QT_RCC_MANGLE_NAMESPACE(qInitResources_icons)();
int QT_RCC_MANGLE_NAMESPACE(qInitResources_icons)()
{
    int version = 3;
    QT_RCC_PREPEND_NAMESPACE(qRegisterResourceData)
        (version, qt_resource_struct, qt_resource_name, qt_resource_data);
    return 1;
}

int QT_RCC_MANGLE_NAMESPACE(qCleanupResources_icons)();
int QT_RCC_MANGLE_NAMESPACE(qCleanupResources_icons)()
{
    int version = 3;
    version += QT_RCC_PREPEND_NAMESPACE(qResourceFeatureZlib());
    QT_RCC_PREPEND_NAMESPACE(qUnregisterResourceData)
       (version, qt_resource_struct, qt_resource_name, qt_resource_data);
    return 1;
}

namespace {
   struct initializer {
       initializer() { QT_RCC_MANGLE_NAMESPACE(qInitResources_icons)(); }
       ~initializer() { QT_RCC_MANGLE_NAMESPACE(qCleanupResources_icons)(); }
   } dummy;
}
